,epoch,acc,precision,recall,pred_acc_member,pred_acc_non_member,true_member,false_member,true_non_member,false_non_member
0,1.0,0.4766666666666667,0.23076923076923078,0.02,0.08666666666666667,0.15333333333333332,3.0,10.0,140.0,147.0
1,2.0,0.47,0.3333333333333333,0.06,0.05333333333333334,0.12,9.0,18.0,132.0,141.0
2,3.0,0.47,0.37142857142857144,0.08666666666666667,0.06,0.12666666666666668,13.0,22.0,128.0,137.0
3,4.0,0.4866666666666667,0.46875,0.2,0.16666666666666666,0.17333333333333334,30.0,34.0,116.0,120.0
4,5.0,0.48,0.4659090909090909,0.2733333333333333,0.26,0.32666666666666666,41.0,47.0,103.0,109.0
5,6.0,0.51,0.5135135135135135,0.38,0.36666666666666664,0.4266666666666667,57.0,54.0,96.0,93.0
6,7.0,0.5466666666666666,0.5538461538461539,0.48,0.5133333333333333,0.46,72.0,58.0,92.0,78.0
7,8.0,0.5433333333333333,0.5424836601307189,0.5533333333333333,0.5866666666666667,0.5333333333333333,83.0,70.0,80.0,67.0
8,9.0,0.5766666666666667,0.5664739884393064,0.6533333333333333,0.64,0.62,98.0,75.0,75.0,52.0
9,10.0,0.5933333333333334,0.574468085106383,0.72,0.6866666666666666,0.6666666666666666,108.0,80.0,70.0,42.0
10,11.0,0.5766666666666667,0.558974358974359,0.7266666666666667,0.7133333333333334,0.66,109.0,86.0,64.0,41.0
11,12.0,0.5833333333333334,0.5621890547263682,0.7533333333333333,0.76,0.68,113.0,88.0,62.0,37.0
12,13.0,0.6033333333333334,0.5720930232558139,0.82,0.7933333333333333,0.7066666666666667,123.0,92.0,58.0,27.0
13,14.0,0.6166666666666667,0.5806451612903226,0.84,0.84,0.7133333333333334,126.0,91.0,59.0,24.0
14,15.0,0.6133333333333333,0.5758928571428571,0.86,0.8533333333333334,0.74,129.0,95.0,55.0,21.0
15,16.0,0.64,0.59375,0.8866666666666667,0.8666666666666667,0.7266666666666667,133.0,91.0,59.0,17.0
16,17.0,0.64,0.59375,0.8866666666666667,0.8733333333333333,0.7333333333333333,133.0,91.0,59.0,17.0
17,18.0,0.6366666666666667,0.5911111111111111,0.8866666666666667,0.8933333333333333,0.7533333333333333,133.0,92.0,58.0,17.0
18,19.0,0.6366666666666667,0.5903083700440529,0.8933333333333333,0.8933333333333333,0.76,134.0,93.0,57.0,16.0
19,20.0,0.64,0.591304347826087,0.9066666666666666,0.9,0.7733333333333333,136.0,94.0,56.0,14.0
20,21.0,0.6433333333333333,0.5907172995780591,0.9333333333333333,0.9066666666666666,0.7666666666666667,140.0,97.0,53.0,10.0
21,22.0,0.64,0.5875,0.94,0.92,0.74,141.0,99.0,51.0,9.0
22,23.0,0.6466666666666666,0.5916666666666667,0.9466666666666667,0.8933333333333333,0.7666666666666667,142.0,98.0,52.0,8.0
23,24.0,0.6266666666666667,0.576,0.96,0.8866666666666667,0.74,144.0,106.0,44.0,6.0
24,25.0,0.6266666666666667,0.5753968253968254,0.9666666666666667,0.92,0.78,145.0,107.0,43.0,5.0
25,26.0,0.62,0.5703125,0.9733333333333334,0.9333333333333333,0.78,146.0,110.0,40.0,4.0
26,27.0,0.62,0.5703125,0.9733333333333334,0.94,0.8066666666666666,146.0,110.0,40.0,4.0
27,28.0,0.6233333333333333,0.5714285714285714,0.9866666666666667,0.96,0.8066666666666666,148.0,111.0,39.0,2.0
28,29.0,0.6233333333333333,0.5708812260536399,0.9933333333333333,0.9466666666666667,0.8133333333333334,149.0,112.0,38.0,1.0
29,30.0,0.6033333333333334,0.5584905660377358,0.9866666666666667,0.9533333333333334,0.8,148.0,117.0,33.0,2.0
30,31.0,0.6,0.556390977443609,0.9866666666666667,0.92,0.78,148.0,118.0,32.0,2.0
31,32.0,0.6233333333333333,0.5708812260536399,0.9933333333333333,0.9266666666666666,0.7266666666666667,149.0,112.0,38.0,1.0
32,33.0,0.6133333333333333,0.5648854961832062,0.9866666666666667,0.96,0.7333333333333333,148.0,114.0,36.0,2.0
33,34.0,0.6133333333333333,0.5643939393939394,0.9933333333333333,0.9466666666666667,0.6933333333333334,149.0,115.0,35.0,1.0
34,35.0,0.6212624584717608,0.569811320754717,1.0,0.96,0.72,150.0,114.0,36.0,0.0
35,36.0,0.6245847176079734,0.571969696969697,1.0,0.9466666666666667,0.6933333333333334,150.0,113.0,37.0,0.0
36,37.0,0.61,0.5622641509433962,0.9933333333333333,0.9533333333333334,0.7133333333333334,149.0,116.0,34.0,1.0
37,38.0,0.6166666666666667,0.5665399239543726,0.9933333333333333,0.9466666666666667,0.6933333333333334,149.0,114.0,36.0,1.0
38,39.0,0.62,0.5687022900763359,0.9933333333333333,0.94,0.6933333333333334,149.0,113.0,37.0,1.0
39,40.0,0.6166666666666667,0.5675675675675675,0.98,0.9333333333333333,0.7,147.0,112.0,38.0,3.0
40,41.0,0.6133333333333333,0.5653846153846154,0.98,0.94,0.68,147.0,113.0,37.0,3.0
41,42.0,0.6233333333333333,0.5719844357976653,0.98,0.9333333333333333,0.6933333333333334,147.0,110.0,40.0,3.0
42,43.0,0.6133333333333333,0.5653846153846154,0.98,0.94,0.68,147.0,113.0,37.0,3.0
43,44.0,0.62,0.5687022900763359,0.9933333333333333,0.94,0.68,149.0,113.0,37.0,1.0
44,45.0,0.63,0.5752895752895753,0.9933333333333333,0.9466666666666667,0.68,149.0,110.0,40.0,1.0
45,46.0,0.6266666666666667,0.5736434108527132,0.9866666666666667,0.9466666666666667,0.6866666666666666,148.0,110.0,40.0,2.0
46,47.0,0.6233333333333333,0.5714285714285714,0.9866666666666667,0.9466666666666667,0.6733333333333333,148.0,111.0,39.0,2.0
47,48.0,0.6233333333333333,0.5708812260536399,0.9933333333333333,0.9466666666666667,0.6866666666666666,149.0,112.0,38.0,1.0
48,49.0,0.62,0.5687022900763359,0.9933333333333333,0.94,0.6733333333333333,149.0,113.0,37.0,1.0
49,50.0,0.6478405315614618,0.5875486381322957,1.0,0.9466666666666667,0.6666666666666666,150.0,106.0,44.0,0.0
50,51.0,0.6312292358803987,0.5763358778625954,1.0,0.9533333333333334,0.6466666666666666,150.0,111.0,39.0,0.0
51,52.0,0.6411960132890365,0.583011583011583,1.0,0.96,0.6666666666666666,150.0,108.0,42.0,0.0
52,53.0,0.6266666666666667,0.573076923076923,0.9933333333333333,0.9533333333333334,0.66,149.0,111.0,39.0,1.0
53,54.0,0.6333333333333333,0.5775193798449613,0.9933333333333333,0.9666666666666667,0.66,149.0,109.0,41.0,1.0
54,55.0,0.64,0.58203125,0.9933333333333333,0.9533333333333334,0.68,149.0,107.0,43.0,1.0
55,56.0,0.6266666666666667,0.573076923076923,0.9933333333333333,0.96,0.6733333333333333,149.0,111.0,39.0,1.0
56,57.0,0.64,0.58203125,0.9933333333333333,0.9733333333333334,0.66,149.0,107.0,43.0,1.0
57,58.0,0.6266666666666667,0.5736434108527132,0.9866666666666667,0.9666666666666667,0.6666666666666666,148.0,110.0,40.0,2.0
58,59.0,0.6233333333333333,0.5719844357976653,0.98,0.9533333333333334,0.6666666666666666,147.0,110.0,40.0,3.0
59,60.0,0.6233333333333333,0.5714285714285714,0.9866666666666667,0.9733333333333334,0.66,148.0,111.0,39.0,2.0
60,61.0,0.6266666666666667,0.5736434108527132,0.9866666666666667,0.9533333333333334,0.66,148.0,110.0,40.0,2.0
61,62.0,0.6266666666666667,0.5736434108527132,0.9866666666666667,0.9733333333333334,0.66,148.0,110.0,40.0,2.0
62,63.0,0.63,0.5764705882352941,0.98,0.9666666666666667,0.6466666666666666,147.0,108.0,42.0,3.0
63,64.0,0.6333333333333333,0.578125,0.9866666666666667,0.9733333333333334,0.64,148.0,108.0,42.0,2.0
64,65.0,0.6333333333333333,0.578125,0.9866666666666667,0.9666666666666667,0.6533333333333333,148.0,108.0,42.0,2.0
65,66.0,0.63,0.5758754863813229,0.9866666666666667,0.9733333333333334,0.6533333333333333,148.0,109.0,41.0,2.0
66,67.0,0.6333333333333333,0.578125,0.9866666666666667,0.9733333333333334,0.66,148.0,108.0,42.0,2.0
67,68.0,0.63,0.5758754863813229,0.9866666666666667,0.9733333333333334,0.6466666666666666,148.0,109.0,41.0,2.0
68,69.0,0.63,0.5758754863813229,0.9866666666666667,0.9733333333333334,0.6533333333333333,148.0,109.0,41.0,2.0
69,70.0,0.63,0.5758754863813229,0.9866666666666667,0.9733333333333334,0.6466666666666666,148.0,109.0,41.0,2.0
70,71.0,0.63,0.5758754863813229,0.9866666666666667,0.9733333333333334,0.6466666666666666,148.0,109.0,41.0,2.0
71,72.0,0.63,0.5758754863813229,0.9866666666666667,0.9733333333333334,0.6466666666666666,148.0,109.0,41.0,2.0
72,73.0,0.63,0.5758754863813229,0.9866666666666667,0.96,0.64,148.0,109.0,41.0,2.0
73,74.0,0.63,0.5758754863813229,0.9866666666666667,0.96,0.64,148.0,109.0,41.0,2.0
74,75.0,0.63,0.5758754863813229,0.9866666666666667,0.96,0.6266666666666667,148.0,109.0,41.0,2.0
75,76.0,0.63,0.5758754863813229,0.9866666666666667,0.96,0.6333333333333333,148.0,109.0,41.0,2.0
76,77.0,0.63,0.5758754863813229,0.9866666666666667,0.96,0.6266666666666667,148.0,109.0,41.0,2.0
77,78.0,0.6366666666666667,0.5803921568627451,0.9866666666666667,0.96,0.62,148.0,107.0,43.0,2.0
78,79.0,0.6333333333333333,0.578125,0.9866666666666667,0.9533333333333334,0.6266666666666667,148.0,108.0,42.0,2.0
79,80.0,0.6366666666666667,0.5803921568627451,0.9866666666666667,0.96,0.6266666666666667,148.0,107.0,43.0,2.0
80,81.0,0.6333333333333333,0.5787401574803149,0.98,0.9466666666666667,0.62,147.0,107.0,43.0,3.0
81,82.0,0.6366666666666667,0.5803921568627451,0.9866666666666667,0.9533333333333334,0.6266666666666667,148.0,107.0,43.0,2.0
82,83.0,0.6333333333333333,0.5787401574803149,0.98,0.9466666666666667,0.62,147.0,107.0,43.0,3.0
83,84.0,0.63,0.5764705882352941,0.98,0.9466666666666667,0.62,147.0,108.0,42.0,3.0
84,85.0,0.6466666666666666,0.588,0.98,0.94,0.6066666666666667,147.0,103.0,47.0,3.0
85,86.0,0.6366666666666667,0.5810276679841897,0.98,0.9466666666666667,0.62,147.0,106.0,44.0,3.0
86,87.0,0.6466666666666666,0.5866141732283464,0.9933333333333333,0.96,0.6266666666666667,149.0,105.0,45.0,1.0
87,88.0,0.6366666666666667,0.5803921568627451,0.9866666666666667,0.9466666666666667,0.6133333333333333,148.0,107.0,43.0,2.0
88,89.0,0.64,0.58203125,0.9933333333333333,0.9466666666666667,0.6133333333333333,149.0,107.0,43.0,1.0
89,90.0,0.6466666666666666,0.5866141732283464,0.9933333333333333,0.9533333333333334,0.62,149.0,105.0,45.0,1.0
90,91.0,0.6445182724252492,0.5852713178294574,1.0,0.9466666666666667,0.62,150.0,107.0,43.0,0.0
91,92.0,0.6466666666666666,0.5873015873015873,0.9866666666666667,0.96,0.6333333333333333,148.0,104.0,46.0,2.0
92,93.0,0.6511627906976745,0.58984375,1.0,0.9466666666666667,0.62,150.0,105.0,45.0,0.0
93,94.0,0.6478405315614618,0.5875486381322957,1.0,0.9466666666666667,0.6133333333333333,150.0,106.0,44.0,0.0
94,95.0,0.6511627906976745,0.58984375,1.0,0.9466666666666667,0.6066666666666667,150.0,105.0,45.0,0.0
95,96.0,0.6478405315614618,0.5875486381322957,1.0,0.9533333333333334,0.6133333333333333,150.0,106.0,44.0,0.0
96,97.0,0.6578073089700996,0.594488188976378,1.0,0.9533333333333334,0.62,150.0,103.0,47.0,0.0
97,98.0,0.6511627906976745,0.58984375,1.0,0.9533333333333334,0.6066666666666667,150.0,105.0,45.0,0.0
98,99.0,0.6611295681063123,0.5968379446640316,1.0,0.9466666666666667,0.6266666666666667,150.0,102.0,48.0,0.0
99,100.0,0.6511627906976745,0.58984375,1.0,0.9533333333333334,0.6133333333333333,150.0,105.0,45.0,0.0
100,101.0,0.654485049833887,0.592156862745098,1.0,0.94,0.6266666666666667,150.0,104.0,46.0,0.0
101,102.0,0.6578073089700996,0.594488188976378,1.0,0.9533333333333334,0.6133333333333333,150.0,103.0,47.0,0.0
102,103.0,0.65,0.5889328063241107,0.9933333333333333,0.9466666666666667,0.62,149.0,104.0,46.0,1.0
103,104.0,0.6578073089700996,0.594488188976378,1.0,0.9533333333333334,0.6066666666666667,150.0,103.0,47.0,0.0
104,105.0,0.65,0.5889328063241107,0.9933333333333333,0.9466666666666667,0.62,149.0,104.0,46.0,1.0
105,106.0,0.6578073089700996,0.594488188976378,1.0,0.9533333333333334,0.6066666666666667,150.0,103.0,47.0,0.0
106,107.0,0.6466666666666666,0.5866141732283464,0.9933333333333333,0.9466666666666667,0.6133333333333333,149.0,105.0,45.0,1.0
107,108.0,0.6611295681063123,0.5968379446640316,1.0,0.9533333333333334,0.6066666666666667,150.0,102.0,48.0,0.0
108,109.0,0.6466666666666666,0.5866141732283464,0.9933333333333333,0.9466666666666667,0.62,149.0,105.0,45.0,1.0
109,110.0,0.6533333333333333,0.5912698412698413,0.9933333333333333,0.96,0.6133333333333333,149.0,103.0,47.0,1.0
110,111.0,0.6466666666666666,0.5866141732283464,0.9933333333333333,0.9466666666666667,0.62,149.0,105.0,45.0,1.0
111,112.0,0.6533333333333333,0.5912698412698413,0.9933333333333333,0.96,0.62,149.0,103.0,47.0,1.0
112,113.0,0.65,0.5889328063241107,0.9933333333333333,0.9533333333333334,0.62,149.0,104.0,46.0,1.0
113,114.0,0.65,0.5889328063241107,0.9933333333333333,0.9466666666666667,0.62,149.0,104.0,46.0,1.0
114,115.0,0.6533333333333333,0.5912698412698413,0.9933333333333333,0.9466666666666667,0.6266666666666667,149.0,103.0,47.0,1.0
115,116.0,0.6533333333333333,0.5912698412698413,0.9933333333333333,0.9466666666666667,0.62,149.0,103.0,47.0,1.0
116,117.0,0.65,0.5889328063241107,0.9933333333333333,0.9466666666666667,0.62,149.0,104.0,46.0,1.0
117,118.0,0.6566666666666666,0.5936254980079682,0.9933333333333333,0.9466666666666667,0.62,149.0,102.0,48.0,1.0
118,119.0,0.6566666666666666,0.5936254980079682,0.9933333333333333,0.9466666666666667,0.62,149.0,102.0,48.0,1.0
119,120.0,0.6566666666666666,0.5936254980079682,0.9933333333333333,0.9466666666666667,0.62,149.0,102.0,48.0,1.0
120,121.0,0.6566666666666666,0.5936254980079682,0.9933333333333333,0.9466666666666667,0.6266666666666667,149.0,102.0,48.0,1.0
121,122.0,0.6566666666666666,0.5936254980079682,0.9933333333333333,0.9466666666666667,0.6266666666666667,149.0,102.0,48.0,1.0
122,123.0,0.66,0.596,0.9933333333333333,0.9466666666666667,0.62,149.0,101.0,49.0,1.0
123,124.0,0.66,0.596,0.9933333333333333,0.94,0.62,149.0,101.0,49.0,1.0
124,125.0,0.66,0.596,0.9933333333333333,0.9533333333333334,0.62,149.0,101.0,49.0,1.0
125,126.0,0.67,0.6032388663967612,0.9933333333333333,0.96,0.6133333333333333,149.0,98.0,52.0,1.0
126,127.0,0.66,0.596,0.9933333333333333,0.9533333333333334,0.6133333333333333,149.0,101.0,49.0,1.0
127,128.0,0.66,0.596,0.9933333333333333,0.9533333333333334,0.6066666666666667,149.0,101.0,49.0,1.0
128,129.0,0.6666666666666666,0.6008064516129032,0.9933333333333333,0.94,0.5933333333333334,149.0,99.0,51.0,1.0
129,130.0,0.6566666666666666,0.5936254980079682,0.9933333333333333,0.9466666666666667,0.5933333333333334,149.0,102.0,48.0,1.0
130,131.0,0.6666666666666666,0.6008064516129032,0.9933333333333333,0.96,0.6,149.0,99.0,51.0,1.0
131,132.0,0.66,0.596,0.9933333333333333,0.9533333333333334,0.62,149.0,101.0,49.0,1.0
132,133.0,0.6633333333333333,0.5983935742971888,0.9933333333333333,0.9466666666666667,0.5933333333333334,149.0,100.0,50.0,1.0
133,134.0,0.6666666666666666,0.6008064516129032,0.9933333333333333,0.9533333333333334,0.5933333333333334,149.0,99.0,51.0,1.0
134,135.0,0.66,0.596,0.9933333333333333,0.96,0.58,149.0,101.0,49.0,1.0
135,136.0,0.6666666666666666,0.6008064516129032,0.9933333333333333,0.96,0.5666666666666667,149.0,99.0,51.0,1.0
136,137.0,0.66,0.596,0.9933333333333333,0.9533333333333334,0.5733333333333334,149.0,101.0,49.0,1.0
137,138.0,0.6733333333333333,0.6056910569105691,0.9933333333333333,0.9533333333333334,0.58,149.0,97.0,53.0,1.0
138,139.0,0.66,0.596,0.9933333333333333,0.9533333333333334,0.58,149.0,101.0,49.0,1.0
139,140.0,0.67,0.6032388663967612,0.9933333333333333,0.9533333333333334,0.5666666666666667,149.0,98.0,52.0,1.0
140,141.0,0.66,0.596,0.9933333333333333,0.9533333333333334,0.5533333333333333,149.0,101.0,49.0,1.0
141,142.0,0.67,0.6032388663967612,0.9933333333333333,0.9466666666666667,0.5733333333333334,149.0,98.0,52.0,1.0
142,143.0,0.6633333333333333,0.5983935742971888,0.9933333333333333,0.94,0.56,149.0,100.0,50.0,1.0
143,144.0,0.67,0.6032388663967612,0.9933333333333333,0.9466666666666667,0.5666666666666667,149.0,98.0,52.0,1.0
144,145.0,0.67,0.6032388663967612,0.9933333333333333,0.94,0.5533333333333333,149.0,98.0,52.0,1.0
145,146.0,0.6733333333333333,0.6056910569105691,0.9933333333333333,0.9466666666666667,0.5666666666666667,149.0,97.0,53.0,1.0
146,147.0,0.67,0.6032388663967612,0.9933333333333333,0.94,0.5533333333333333,149.0,98.0,52.0,1.0
147,148.0,0.6733333333333333,0.6056910569105691,0.9933333333333333,0.9466666666666667,0.56,149.0,97.0,53.0,1.0
148,149.0,0.67,0.6032388663967612,0.9933333333333333,0.94,0.5666666666666667,149.0,98.0,52.0,1.0
149,150.0,0.6733333333333333,0.6056910569105691,0.9933333333333333,0.94,0.5533333333333333,149.0,97.0,53.0,1.0
150,151.0,0.6766666666666666,0.6081632653061224,0.9933333333333333,0.94,0.5666666666666667,149.0,96.0,54.0,1.0
151,152.0,0.67,0.6032388663967612,0.9933333333333333,0.94,0.5533333333333333,149.0,98.0,52.0,1.0
152,153.0,0.6766666666666666,0.6081632653061224,0.9933333333333333,0.94,0.5733333333333334,149.0,96.0,54.0,1.0
153,154.0,0.6733333333333333,0.6056910569105691,0.9933333333333333,0.94,0.54,149.0,97.0,53.0,1.0
154,155.0,0.6833333333333333,0.6131687242798354,0.9933333333333333,0.94,0.5666666666666667,149.0,94.0,56.0,1.0
155,156.0,0.6766666666666666,0.6081632653061224,0.9933333333333333,0.9333333333333333,0.54,149.0,96.0,54.0,1.0
156,157.0,0.69,0.6182572614107884,0.9933333333333333,0.94,0.5533333333333333,149.0,92.0,58.0,1.0
157,158.0,0.68,0.610655737704918,0.9933333333333333,0.9333333333333333,0.5466666666666666,149.0,95.0,55.0,1.0
158,159.0,0.69,0.6182572614107884,0.9933333333333333,0.94,0.5533333333333333,149.0,92.0,58.0,1.0
159,160.0,0.6833333333333333,0.6131687242798354,0.9933333333333333,0.9333333333333333,0.5533333333333333,149.0,94.0,56.0,1.0
160,161.0,0.69,0.6182572614107884,0.9933333333333333,0.9333333333333333,0.5533333333333333,149.0,92.0,58.0,1.0
161,162.0,0.6866666666666666,0.6157024793388429,0.9933333333333333,0.9333333333333333,0.54,149.0,93.0,57.0,1.0
162,163.0,0.69,0.6182572614107884,0.9933333333333333,0.9333333333333333,0.5533333333333333,149.0,92.0,58.0,1.0
163,164.0,0.6933333333333334,0.6208333333333333,0.9933333333333333,0.9333333333333333,0.54,149.0,91.0,59.0,1.0
164,165.0,0.69,0.6182572614107884,0.9933333333333333,0.9333333333333333,0.5333333333333333,149.0,92.0,58.0,1.0
165,166.0,0.6933333333333334,0.6208333333333333,0.9933333333333333,0.9333333333333333,0.5333333333333333,149.0,91.0,59.0,1.0
166,167.0,0.69,0.6182572614107884,0.9933333333333333,0.9333333333333333,0.5333333333333333,149.0,92.0,58.0,1.0
167,168.0,0.69,0.6192468619246861,0.9866666666666667,0.9466666666666667,0.54,148.0,91.0,59.0,2.0
168,169.0,0.69,0.6182572614107884,0.9933333333333333,0.9333333333333333,0.52,149.0,92.0,58.0,1.0
169,170.0,0.6933333333333334,0.6218487394957983,0.9866666666666667,0.9466666666666667,0.52,148.0,90.0,60.0,2.0
170,171.0,0.69,0.6182572614107884,0.9933333333333333,0.9333333333333333,0.52,149.0,92.0,58.0,1.0
171,172.0,0.6933333333333334,0.6218487394957983,0.9866666666666667,0.9466666666666667,0.5266666666666666,148.0,90.0,60.0,2.0
172,173.0,0.7033333333333334,0.6286919831223629,0.9933333333333333,0.9333333333333333,0.5266666666666666,149.0,88.0,62.0,1.0
173,174.0,0.6966666666666667,0.6234309623430963,0.9933333333333333,0.9266666666666666,0.5266666666666666,149.0,90.0,60.0,1.0
174,175.0,0.6933333333333334,0.6208333333333333,0.9933333333333333,0.9466666666666667,0.5133333333333333,149.0,91.0,59.0,1.0
175,176.0,0.6966666666666667,0.6234309623430963,0.9933333333333333,0.9466666666666667,0.5333333333333333,149.0,90.0,60.0,1.0
176,177.0,0.707641196013289,0.6317991631799164,1.0,0.9333333333333333,0.5466666666666666,150.0,88.0,62.0,0.0
177,178.0,0.7033333333333334,0.6286919831223629,0.9933333333333333,0.9266666666666666,0.5,149.0,88.0,62.0,1.0
178,179.0,0.6910299003322259,0.6188524590163934,1.0,0.94,0.52,150.0,93.0,57.0,0.0
179,180.0,0.6966666666666667,0.6234309623430963,0.9933333333333333,0.9266666666666666,0.5133333333333333,149.0,90.0,60.0,1.0
180,181.0,0.7043189368770764,0.6291666666666667,1.0,0.9333333333333333,0.5466666666666666,150.0,89.0,61.0,0.0
181,182.0,0.6877076411960132,0.6163265306122448,1.0,0.9333333333333333,0.5133333333333333,150.0,94.0,56.0,0.0
182,183.0,0.6877076411960132,0.6163265306122448,1.0,0.94,0.5066666666666667,150.0,94.0,56.0,0.0
183,184.0,0.6877076411960132,0.6163265306122448,1.0,0.9466666666666667,0.52,150.0,94.0,56.0,0.0
184,185.0,0.7009966777408638,0.6265560165975104,1.0,0.9266666666666666,0.5266666666666666,150.0,90.0,60.0,0.0
185,186.0,0.6910299003322259,0.6188524590163934,1.0,0.9333333333333333,0.52,150.0,93.0,57.0,0.0
186,187.0,0.6877076411960132,0.6163265306122448,1.0,0.94,0.52,150.0,94.0,56.0,0.0
187,188.0,0.6910299003322259,0.6188524590163934,1.0,0.9333333333333333,0.5133333333333333,150.0,93.0,57.0,0.0
188,189.0,0.7009966777408638,0.6265560165975104,1.0,0.9333333333333333,0.5266666666666666,150.0,90.0,60.0,0.0
189,190.0,0.6943521594684385,0.6213991769547325,1.0,0.94,0.4866666666666667,150.0,92.0,58.0,0.0
190,191.0,0.6843853820598007,0.6138211382113821,1.0,0.9333333333333333,0.5133333333333333,150.0,95.0,55.0,0.0
191,192.0,0.6943521594684385,0.6213991769547325,1.0,0.94,0.5,150.0,92.0,58.0,0.0
192,193.0,0.7142857142857143,0.6371308016877637,1.0,0.9266666666666666,0.49333333333333335,150.0,86.0,64.0,0.0
193,194.0,0.707641196013289,0.6317991631799164,1.0,0.9533333333333334,0.5,150.0,88.0,62.0,0.0
194,195.0,0.6910299003322259,0.6188524590163934,1.0,0.94,0.48,150.0,93.0,57.0,0.0
195,196.0,0.7109634551495017,0.634453781512605,1.0,0.94,0.5,150.0,87.0,63.0,0.0
196,197.0,0.7242524916943521,0.6452991452991453,1.0,0.9333333333333333,0.47333333333333333,150.0,83.0,67.0,0.0
197,198.0,0.7109634551495017,0.634453781512605,1.0,0.94,0.5,150.0,87.0,63.0,0.0
198,199.0,0.7142857142857143,0.6371308016877637,1.0,0.9533333333333334,0.4866666666666667,150.0,86.0,64.0,0.0
199,200.0,0.7142857142857143,0.6371308016877637,1.0,0.9466666666666667,0.48,150.0,86.0,64.0,0.0
200,201.0,0.717607973421927,0.6398305084745762,1.0,0.94,0.47333333333333333,150.0,85.0,65.0,0.0
201,202.0,0.7209302325581395,0.6425531914893617,1.0,0.9266666666666666,0.47333333333333333,150.0,84.0,66.0,0.0
202,203.0,0.717607973421927,0.6398305084745762,1.0,0.9266666666666666,0.4666666666666667,150.0,85.0,65.0,0.0
203,204.0,0.7209302325581395,0.6425531914893617,1.0,0.9266666666666666,0.47333333333333333,150.0,84.0,66.0,0.0
204,205.0,0.7242524916943521,0.6452991452991453,1.0,0.92,0.48,150.0,83.0,67.0,0.0
205,206.0,0.717607973421927,0.6398305084745762,1.0,0.9266666666666666,0.4666666666666667,150.0,85.0,65.0,0.0
206,207.0,0.7242524916943521,0.6452991452991453,1.0,0.9266666666666666,0.46,150.0,83.0,67.0,0.0
207,208.0,0.7342192691029901,0.6536796536796536,1.0,0.92,0.46,150.0,80.0,70.0,0.0
208,209.0,0.7242524916943521,0.6452991452991453,1.0,0.92,0.46,150.0,83.0,67.0,0.0
209,210.0,0.7275747508305648,0.648068669527897,1.0,0.9266666666666666,0.46,150.0,82.0,68.0,0.0
210,211.0,0.7275747508305648,0.648068669527897,1.0,0.9266666666666666,0.4533333333333333,150.0,82.0,68.0,0.0
211,212.0,0.7342192691029901,0.6536796536796536,1.0,0.9133333333333333,0.4533333333333333,150.0,80.0,70.0,0.0
212,213.0,0.7275747508305648,0.648068669527897,1.0,0.9266666666666666,0.4533333333333333,150.0,82.0,68.0,0.0
213,214.0,0.7342192691029901,0.6536796536796536,1.0,0.9333333333333333,0.5066666666666667,150.0,80.0,70.0,0.0
214,215.0,0.7242524916943521,0.6452991452991453,1.0,0.9266666666666666,0.4666666666666667,150.0,83.0,67.0,0.0
215,216.0,0.717607973421927,0.6398305084745762,1.0,0.9133333333333333,0.4666666666666667,150.0,85.0,65.0,0.0
216,217.0,0.717607973421927,0.6398305084745762,1.0,0.92,0.44666666666666666,150.0,85.0,65.0,0.0
217,218.0,0.7109634551495017,0.634453781512605,1.0,0.9266666666666666,0.46,150.0,87.0,63.0,0.0
218,219.0,0.707641196013289,0.6317991631799164,1.0,0.94,0.46,150.0,88.0,62.0,0.0
219,220.0,0.717607973421927,0.6398305084745762,1.0,0.94,0.46,150.0,85.0,65.0,0.0
220,221.0,0.7242524916943521,0.6452991452991453,1.0,0.9266666666666666,0.4666666666666667,150.0,83.0,67.0,0.0
221,222.0,0.7209302325581395,0.6425531914893617,1.0,0.9333333333333333,0.4533333333333333,150.0,84.0,66.0,0.0
222,223.0,0.7142857142857143,0.6371308016877637,1.0,0.92,0.44666666666666666,150.0,86.0,64.0,0.0
223,224.0,0.7308970099667774,0.6508620689655172,1.0,0.9133333333333333,0.44,150.0,81.0,69.0,0.0
224,225.0,0.7308970099667774,0.6508620689655172,1.0,0.92,0.44,150.0,81.0,69.0,0.0
225,226.0,0.7209302325581395,0.6425531914893617,1.0,0.9133333333333333,0.41333333333333333,150.0,84.0,66.0,0.0
226,227.0,0.7242524916943521,0.6452991452991453,1.0,0.92,0.4266666666666667,150.0,83.0,67.0,0.0
227,228.0,0.7242524916943521,0.6452991452991453,1.0,0.94,0.5066666666666667,150.0,83.0,67.0,0.0
228,229.0,0.717607973421927,0.6398305084745762,1.0,0.92,0.4666666666666667,150.0,85.0,65.0,0.0
229,230.0,0.7275747508305648,0.648068669527897,1.0,0.9466666666666667,0.4866666666666667,150.0,82.0,68.0,0.0
230,231.0,0.7142857142857143,0.6371308016877637,1.0,0.9266666666666666,0.46,150.0,86.0,64.0,0.0
231,232.0,0.7242524916943521,0.6452991452991453,1.0,0.9533333333333334,0.5133333333333333,150.0,83.0,67.0,0.0
232,233.0,0.7142857142857143,0.6371308016877637,1.0,0.94,0.4666666666666667,150.0,86.0,64.0,0.0
233,234.0,0.7209302325581395,0.6425531914893617,1.0,0.9533333333333334,0.4866666666666667,150.0,84.0,66.0,0.0
234,235.0,0.7142857142857143,0.6371308016877637,1.0,0.9466666666666667,0.44,150.0,86.0,64.0,0.0
235,236.0,0.7275747508305648,0.648068669527897,1.0,0.96,0.5066666666666667,150.0,82.0,68.0,0.0
236,237.0,0.7109634551495017,0.634453781512605,1.0,0.94,0.47333333333333333,150.0,87.0,63.0,0.0
237,238.0,0.7242524916943521,0.6452991452991453,1.0,0.96,0.5066666666666667,150.0,83.0,67.0,0.0
238,239.0,0.7142857142857143,0.6371308016877637,1.0,0.9466666666666667,0.44666666666666666,150.0,86.0,64.0,0.0
239,240.0,0.717607973421927,0.6398305084745762,1.0,0.9533333333333334,0.4866666666666667,150.0,85.0,65.0,0.0
240,241.0,0.7043189368770764,0.6291666666666667,1.0,0.9533333333333334,0.46,150.0,89.0,61.0,0.0
241,242.0,0.7209302325581395,0.6425531914893617,1.0,0.96,0.4866666666666667,150.0,84.0,66.0,0.0
242,243.0,0.7142857142857143,0.6371308016877637,1.0,0.9533333333333334,0.46,150.0,86.0,64.0,0.0
243,244.0,0.7308970099667774,0.6508620689655172,1.0,0.96,0.5,150.0,81.0,69.0,0.0
244,245.0,0.7109634551495017,0.634453781512605,1.0,0.9466666666666667,0.44,150.0,87.0,63.0,0.0
245,246.0,0.7209302325581395,0.6425531914893617,1.0,0.9533333333333334,0.5133333333333333,150.0,84.0,66.0,0.0
246,247.0,0.7043189368770764,0.6291666666666667,1.0,0.9666666666666667,0.47333333333333333,150.0,89.0,61.0,0.0
247,248.0,0.7275747508305648,0.648068669527897,1.0,0.96,0.5066666666666667,150.0,82.0,68.0,0.0
248,249.0,0.707641196013289,0.6317991631799164,1.0,0.96,0.46,150.0,88.0,62.0,0.0
249,250.0,0.7209302325581395,0.6425531914893617,1.0,0.96,0.49333333333333335,150.0,84.0,66.0,0.0
250,251.0,0.7142857142857143,0.6371308016877637,1.0,0.9533333333333334,0.4533333333333333,150.0,86.0,64.0,0.0
251,252.0,0.7275747508305648,0.648068669527897,1.0,0.96,0.52,150.0,82.0,68.0,0.0
252,253.0,0.7043189368770764,0.6291666666666667,1.0,0.96,0.44666666666666666,150.0,89.0,61.0,0.0
253,254.0,0.7242524916943521,0.6452991452991453,1.0,0.96,0.5066666666666667,150.0,83.0,67.0,0.0
254,255.0,0.7109634551495017,0.634453781512605,1.0,0.96,0.4666666666666667,150.0,87.0,63.0,0.0
255,256.0,0.7275747508305648,0.648068669527897,1.0,0.9533333333333334,0.49333333333333335,150.0,82.0,68.0,0.0
256,257.0,0.7142857142857143,0.6371308016877637,1.0,0.9333333333333333,0.46,150.0,86.0,64.0,0.0
257,258.0,0.7242524916943521,0.6452991452991453,1.0,0.9466666666666667,0.52,150.0,83.0,67.0,0.0
258,259.0,0.7009966777408638,0.6265560165975104,1.0,0.9666666666666667,0.47333333333333333,150.0,90.0,60.0,0.0
259,260.0,0.717607973421927,0.6398305084745762,1.0,0.96,0.4866666666666667,150.0,85.0,65.0,0.0
260,261.0,0.7109634551495017,0.634453781512605,1.0,0.94,0.4533333333333333,150.0,87.0,63.0,0.0
261,262.0,0.707641196013289,0.6317991631799164,1.0,0.9533333333333334,0.5066666666666667,150.0,88.0,62.0,0.0
262,263.0,0.6943521594684385,0.6213991769547325,1.0,0.9666666666666667,0.46,150.0,92.0,58.0,0.0
263,264.0,0.7242524916943521,0.6452991452991453,1.0,0.96,0.5066666666666667,150.0,83.0,67.0,0.0
264,265.0,0.7043189368770764,0.6291666666666667,1.0,0.96,0.43333333333333335,150.0,89.0,61.0,0.0
265,266.0,0.7242524916943521,0.6452991452991453,1.0,0.9466666666666667,0.52,150.0,83.0,67.0,0.0
266,267.0,0.7043189368770764,0.6291666666666667,1.0,0.9666666666666667,0.46,150.0,89.0,61.0,0.0
267,268.0,0.7109634551495017,0.634453781512605,1.0,0.96,0.47333333333333333,150.0,87.0,63.0,0.0
268,269.0,0.7142857142857143,0.6371308016877637,1.0,0.9333333333333333,0.44666666666666666,150.0,86.0,64.0,0.0
269,270.0,0.7142857142857143,0.6371308016877637,1.0,0.9466666666666667,0.5,150.0,86.0,64.0,0.0
270,271.0,0.707641196013289,0.6317991631799164,1.0,0.9666666666666667,0.46,150.0,88.0,62.0,0.0
271,272.0,0.7142857142857143,0.6371308016877637,1.0,0.96,0.49333333333333335,150.0,86.0,64.0,0.0
272,273.0,0.7142857142857143,0.6371308016877637,1.0,0.9333333333333333,0.46,150.0,86.0,64.0,0.0
273,274.0,0.7209302325581395,0.6425531914893617,1.0,0.96,0.5133333333333333,150.0,84.0,66.0,0.0
274,275.0,0.7043189368770764,0.6291666666666667,1.0,0.9666666666666667,0.48,150.0,89.0,61.0,0.0
275,276.0,0.7109634551495017,0.634453781512605,1.0,0.9666666666666667,0.4666666666666667,150.0,87.0,63.0,0.0
276,277.0,0.7142857142857143,0.6371308016877637,1.0,0.9333333333333333,0.46,150.0,86.0,64.0,0.0
277,278.0,0.7209302325581395,0.6425531914893617,1.0,0.96,0.52,150.0,84.0,66.0,0.0
278,279.0,0.7043189368770764,0.6291666666666667,1.0,0.9666666666666667,0.47333333333333333,150.0,89.0,61.0,0.0
279,280.0,0.7109634551495017,0.634453781512605,1.0,0.9666666666666667,0.47333333333333333,150.0,87.0,63.0,0.0
280,281.0,0.7142857142857143,0.6371308016877637,1.0,0.94,0.44666666666666666,150.0,86.0,64.0,0.0
281,282.0,0.7209302325581395,0.6425531914893617,1.0,0.96,0.5133333333333333,150.0,84.0,66.0,0.0
282,283.0,0.7009966777408638,0.6265560165975104,1.0,0.9666666666666667,0.4666666666666667,150.0,90.0,60.0,0.0
283,284.0,0.7109634551495017,0.634453781512605,1.0,0.9666666666666667,0.48,150.0,87.0,63.0,0.0
284,285.0,0.7109634551495017,0.634453781512605,1.0,0.9533333333333334,0.44666666666666666,150.0,87.0,63.0,0.0
285,286.0,0.7209302325581395,0.6425531914893617,1.0,0.96,0.4866666666666667,150.0,84.0,66.0,0.0
286,287.0,0.707641196013289,0.6317991631799164,1.0,0.96,0.46,150.0,88.0,62.0,0.0
287,288.0,0.7142857142857143,0.6371308016877637,1.0,0.9666666666666667,0.4866666666666667,150.0,86.0,64.0,0.0
288,289.0,0.7109634551495017,0.634453781512605,1.0,0.94,0.4666666666666667,150.0,87.0,63.0,0.0
289,290.0,0.717607973421927,0.6398305084745762,1.0,0.96,0.49333333333333335,150.0,85.0,65.0,0.0
290,291.0,0.7009966777408638,0.6265560165975104,1.0,0.96,0.4533333333333333,150.0,90.0,60.0,0.0
291,292.0,0.7142857142857143,0.6371308016877637,1.0,0.9666666666666667,0.4866666666666667,150.0,86.0,64.0,0.0
292,293.0,0.7142857142857143,0.6371308016877637,1.0,0.96,0.4666666666666667,150.0,86.0,64.0,0.0
293,294.0,0.717607973421927,0.6398305084745762,1.0,0.96,0.49333333333333335,150.0,85.0,65.0,0.0
294,295.0,0.7009966777408638,0.6265560165975104,1.0,0.96,0.4533333333333333,150.0,90.0,60.0,0.0
295,296.0,0.7142857142857143,0.6371308016877637,1.0,0.9666666666666667,0.4866666666666667,150.0,86.0,64.0,0.0
296,297.0,0.7142857142857143,0.6371308016877637,1.0,0.96,0.4666666666666667,150.0,86.0,64.0,0.0
297,298.0,0.7142857142857143,0.6371308016877637,1.0,0.96,0.49333333333333335,150.0,86.0,64.0,0.0
298,299.0,0.707641196013289,0.6317991631799164,1.0,0.9666666666666667,0.4533333333333333,150.0,88.0,62.0,0.0
299,300.0,0.7209302325581395,0.6425531914893617,1.0,0.96,0.49333333333333335,150.0,84.0,66.0,0.0
300,301.0,0.7209302325581395,0.6425531914893617,1.0,0.96,0.48,150.0,84.0,66.0,0.0
301,302.0,0.7142857142857143,0.6371308016877637,1.0,0.96,0.4866666666666667,150.0,86.0,64.0,0.0
302,303.0,0.7009966777408638,0.6265560165975104,1.0,0.96,0.44666666666666666,150.0,90.0,60.0,0.0
303,304.0,0.7142857142857143,0.6371308016877637,1.0,0.9666666666666667,0.48,150.0,86.0,64.0,0.0
304,305.0,0.7109634551495017,0.634453781512605,1.0,0.9666666666666667,0.43333333333333335,150.0,87.0,63.0,0.0
305,306.0,0.7142857142857143,0.6371308016877637,1.0,0.9666666666666667,0.49333333333333335,150.0,86.0,64.0,0.0
306,307.0,0.7109634551495017,0.634453781512605,1.0,0.96,0.46,150.0,87.0,63.0,0.0
307,308.0,0.717607973421927,0.6398305084745762,1.0,0.96,0.48,150.0,85.0,65.0,0.0
308,309.0,0.7109634551495017,0.634453781512605,1.0,0.96,0.4666666666666667,150.0,87.0,63.0,0.0
309,310.0,0.7109634551495017,0.634453781512605,1.0,0.96,0.4866666666666667,150.0,87.0,63.0,0.0
310,311.0,0.7109634551495017,0.634453781512605,1.0,0.96,0.4666666666666667,150.0,87.0,63.0,0.0
311,312.0,0.7142857142857143,0.6371308016877637,1.0,0.96,0.4866666666666667,150.0,86.0,64.0,0.0
312,313.0,0.707641196013289,0.6317991631799164,1.0,0.9666666666666667,0.46,150.0,88.0,62.0,0.0
313,314.0,0.7142857142857143,0.6371308016877637,1.0,0.9666666666666667,0.48,150.0,86.0,64.0,0.0
314,315.0,0.7109634551495017,0.634453781512605,1.0,0.96,0.46,150.0,87.0,63.0,0.0
315,316.0,0.717607973421927,0.6398305084745762,1.0,0.96,0.48,150.0,85.0,65.0,0.0
316,317.0,0.707641196013289,0.6317991631799164,1.0,0.9666666666666667,0.43333333333333335,150.0,88.0,62.0,0.0
317,318.0,0.7142857142857143,0.6371308016877637,1.0,0.9666666666666667,0.4866666666666667,150.0,86.0,64.0,0.0
318,319.0,0.7142857142857143,0.6371308016877637,1.0,0.96,0.46,150.0,86.0,64.0,0.0
319,320.0,0.717607973421927,0.6398305084745762,1.0,0.96,0.48,150.0,85.0,65.0,0.0
320,321.0,0.707641196013289,0.6317991631799164,1.0,0.9666666666666667,0.43333333333333335,150.0,88.0,62.0,0.0
321,322.0,0.7142857142857143,0.6371308016877637,1.0,0.9666666666666667,0.48,150.0,86.0,64.0,0.0
322,323.0,0.7142857142857143,0.6371308016877637,1.0,0.96,0.46,150.0,86.0,64.0,0.0
323,324.0,0.717607973421927,0.6398305084745762,1.0,0.96,0.4866666666666667,150.0,85.0,65.0,0.0
324,325.0,0.7109634551495017,0.634453781512605,1.0,0.9666666666666667,0.44666666666666666,150.0,87.0,63.0,0.0
325,326.0,0.7142857142857143,0.6371308016877637,1.0,0.9666666666666667,0.48,150.0,86.0,64.0,0.0
326,327.0,0.7142857142857143,0.6371308016877637,1.0,0.96,0.46,150.0,86.0,64.0,0.0
327,328.0,0.707641196013289,0.6317991631799164,1.0,0.96,0.44666666666666666,150.0,88.0,62.0,0.0
328,329.0,0.7109634551495017,0.634453781512605,1.0,0.9533333333333334,0.44666666666666666,150.0,87.0,63.0,0.0
329,330.0,0.717607973421927,0.6398305084745762,1.0,0.9666666666666667,0.4,150.0,85.0,65.0,0.0
330,331.0,0.7209302325581395,0.6425531914893617,1.0,0.9666666666666667,0.48,150.0,84.0,66.0,0.0
331,332.0,0.7142857142857143,0.6371308016877637,1.0,0.9666666666666667,0.4666666666666667,150.0,86.0,64.0,0.0
332,333.0,0.7142857142857143,0.6371308016877637,1.0,0.9533333333333334,0.43333333333333335,150.0,86.0,64.0,0.0
333,334.0,0.7109634551495017,0.634453781512605,1.0,0.9533333333333334,0.44,150.0,87.0,63.0,0.0
334,335.0,0.7308970099667774,0.6508620689655172,1.0,0.9666666666666667,0.47333333333333333,150.0,81.0,69.0,0.0
335,336.0,0.7209302325581395,0.6425531914893617,1.0,0.96,0.4666666666666667,150.0,84.0,66.0,0.0
336,337.0,0.7242524916943521,0.6452991452991453,1.0,0.96,0.46,150.0,83.0,67.0,0.0
337,338.0,0.7242524916943521,0.6452991452991453,1.0,0.96,0.44666666666666666,150.0,83.0,67.0,0.0
338,339.0,0.7275747508305648,0.648068669527897,1.0,0.9533333333333334,0.46,150.0,82.0,68.0,0.0
339,340.0,0.7209302325581395,0.6425531914893617,1.0,0.9533333333333334,0.4533333333333333,150.0,84.0,66.0,0.0
340,341.0,0.7308970099667774,0.6508620689655172,1.0,0.94,0.47333333333333333,150.0,81.0,69.0,0.0
341,342.0,0.717607973421927,0.6398305084745762,1.0,0.9533333333333334,0.4666666666666667,150.0,85.0,65.0,0.0
342,343.0,0.7308970099667774,0.6508620689655172,1.0,0.9533333333333334,0.47333333333333333,150.0,81.0,69.0,0.0
343,344.0,0.7209302325581395,0.6425531914893617,1.0,0.9533333333333334,0.46,150.0,84.0,66.0,0.0
344,345.0,0.7408637873754153,0.6593886462882096,1.0,0.9333333333333333,0.4666666666666667,150.0,78.0,72.0,0.0
345,346.0,0.7242524916943521,0.6452991452991453,1.0,0.9466666666666667,0.46,150.0,83.0,67.0,0.0
346,347.0,0.7375415282392026,0.6565217391304348,1.0,0.9533333333333334,0.46,150.0,79.0,71.0,0.0
347,348.0,0.7308970099667774,0.6508620689655172,1.0,0.9533333333333334,0.44666666666666666,150.0,81.0,69.0,0.0
348,349.0,0.7408637873754153,0.6593886462882096,1.0,0.9466666666666667,0.47333333333333333,150.0,78.0,72.0,0.0
349,350.0,0.7275747508305648,0.648068669527897,1.0,0.9466666666666667,0.47333333333333333,150.0,82.0,68.0,0.0
350,351.0,0.7375415282392026,0.6565217391304348,1.0,0.9466666666666667,0.48,150.0,79.0,71.0,0.0
351,352.0,0.7242524916943521,0.6452991452991453,1.0,0.9533333333333334,0.4666666666666667,150.0,83.0,67.0,0.0
352,353.0,0.7541528239202658,0.6711111111111111,1.0,0.9333333333333333,0.46,150.0,74.0,76.0,0.0
353,354.0,0.7475083056478405,0.6651982378854625,1.0,0.9333333333333333,0.4533333333333333,150.0,76.0,74.0,0.0
354,355.0,0.7441860465116279,0.6622807017543859,1.0,0.94,0.46,150.0,77.0,73.0,0.0
355,356.0,0.7342192691029901,0.6536796536796536,1.0,0.96,0.4666666666666667,150.0,80.0,70.0,0.0
356,357.0,0.7574750830564784,0.6741071428571429,1.0,0.9533333333333334,0.44,150.0,73.0,77.0,0.0
357,358.0,0.7508305647840532,0.668141592920354,1.0,0.9333333333333333,0.4266666666666667,150.0,75.0,75.0,0.0
358,359.0,0.7541528239202658,0.6711111111111111,1.0,0.9333333333333333,0.44666666666666666,150.0,74.0,76.0,0.0
359,360.0,0.7342192691029901,0.6536796536796536,1.0,0.9466666666666667,0.4533333333333333,150.0,80.0,70.0,0.0
360,361.0,0.7541528239202658,0.6711111111111111,1.0,0.9466666666666667,0.44,150.0,74.0,76.0,0.0
361,362.0,0.7441860465116279,0.6622807017543859,1.0,0.9466666666666667,0.43333333333333335,150.0,77.0,73.0,0.0
362,363.0,0.7574750830564784,0.6741071428571429,1.0,0.9333333333333333,0.44,150.0,73.0,77.0,0.0
363,364.0,0.7441860465116279,0.6622807017543859,1.0,0.9466666666666667,0.4533333333333333,150.0,77.0,73.0,0.0
364,365.0,0.7541528239202658,0.6711111111111111,1.0,0.9466666666666667,0.43333333333333335,150.0,74.0,76.0,0.0
365,366.0,0.7408637873754153,0.6593886462882096,1.0,0.9466666666666667,0.44666666666666666,150.0,78.0,72.0,0.0
366,367.0,0.7574750830564784,0.6741071428571429,1.0,0.9466666666666667,0.43333333333333335,150.0,73.0,77.0,0.0
367,368.0,0.7408637873754153,0.6593886462882096,1.0,0.9466666666666667,0.44666666666666666,150.0,78.0,72.0,0.0
368,369.0,0.7574750830564784,0.6741071428571429,1.0,0.9466666666666667,0.43333333333333335,150.0,73.0,77.0,0.0
369,370.0,0.7441860465116279,0.6622807017543859,1.0,0.9466666666666667,0.44,150.0,77.0,73.0,0.0
370,371.0,0.7574750830564784,0.6741071428571429,1.0,0.9466666666666667,0.43333333333333335,150.0,73.0,77.0,0.0
371,372.0,0.7475083056478405,0.6651982378854625,1.0,0.9533333333333334,0.4266666666666667,150.0,76.0,74.0,0.0
372,373.0,0.7574750830564784,0.6741071428571429,1.0,0.9266666666666666,0.44666666666666666,150.0,73.0,77.0,0.0
373,374.0,0.7408637873754153,0.6593886462882096,1.0,0.9533333333333334,0.44,150.0,78.0,72.0,0.0
374,375.0,0.760797342192691,0.6771300448430493,1.0,0.9466666666666667,0.4266666666666667,150.0,72.0,78.0,0.0
375,376.0,0.7508305647840532,0.668141592920354,1.0,0.9533333333333334,0.43333333333333335,150.0,75.0,75.0,0.0
376,377.0,0.7541528239202658,0.6711111111111111,1.0,0.9466666666666667,0.44,150.0,74.0,76.0,0.0
377,378.0,0.7508305647840532,0.668141592920354,1.0,0.9466666666666667,0.41333333333333333,150.0,75.0,75.0,0.0
378,379.0,0.760797342192691,0.6771300448430493,1.0,0.9333333333333333,0.43333333333333335,150.0,72.0,78.0,0.0
379,380.0,0.7740863787375415,0.6894977168949772,1.0,0.9533333333333334,0.42,150.0,68.0,82.0,0.0
380,381.0,0.7574750830564784,0.6741071428571429,1.0,0.9466666666666667,0.42,150.0,73.0,77.0,0.0
381,382.0,0.7541528239202658,0.6711111111111111,1.0,0.9466666666666667,0.4266666666666667,150.0,74.0,76.0,0.0
382,383.0,0.760797342192691,0.6771300448430493,1.0,0.94,0.42,150.0,72.0,78.0,0.0
383,384.0,0.7441860465116279,0.6622807017543859,1.0,0.9533333333333334,0.4,150.0,77.0,73.0,0.0
384,385.0,0.760797342192691,0.6771300448430493,1.0,0.9333333333333333,0.42,150.0,72.0,78.0,0.0
385,386.0,0.7541528239202658,0.6711111111111111,1.0,0.9533333333333334,0.42,150.0,74.0,76.0,0.0
386,387.0,0.7541528239202658,0.6711111111111111,1.0,0.9466666666666667,0.42,150.0,74.0,76.0,0.0
387,388.0,0.7541528239202658,0.6711111111111111,1.0,0.9533333333333334,0.41333333333333333,150.0,74.0,76.0,0.0
388,389.0,0.770764119601329,0.6863636363636364,1.0,0.9266666666666666,0.42,150.0,69.0,81.0,0.0
389,390.0,0.760797342192691,0.6771300448430493,1.0,0.9466666666666667,0.42,150.0,72.0,78.0,0.0
390,391.0,0.760797342192691,0.6771300448430493,1.0,0.9466666666666667,0.42,150.0,72.0,78.0,0.0
391,392.0,0.7508305647840532,0.668141592920354,1.0,0.9466666666666667,0.4066666666666667,150.0,75.0,75.0,0.0
392,393.0,0.7807308970099668,0.695852534562212,1.0,0.9266666666666666,0.41333333333333333,150.0,66.0,84.0,0.0
393,394.0,0.7674418604651163,0.6832579185520362,1.0,0.9466666666666667,0.4066666666666667,150.0,70.0,80.0,0.0
394,395.0,0.760797342192691,0.6771300448430493,1.0,0.9466666666666667,0.4066666666666667,150.0,72.0,78.0,0.0
395,396.0,0.7541528239202658,0.6711111111111111,1.0,0.9466666666666667,0.4066666666666667,150.0,74.0,76.0,0.0
396,397.0,0.770764119601329,0.6863636363636364,1.0,0.9466666666666667,0.4066666666666667,150.0,69.0,81.0,0.0
397,398.0,0.760797342192691,0.6771300448430493,1.0,0.9466666666666667,0.4,150.0,72.0,78.0,0.0
398,399.0,0.7674418604651163,0.6832579185520362,1.0,0.9466666666666667,0.4,150.0,70.0,80.0,0.0
399,400.0,0.770764119601329,0.6863636363636364,1.0,0.9466666666666667,0.4,150.0,69.0,81.0,0.0
400,401.0,0.770764119601329,0.6863636363636364,1.0,0.9466666666666667,0.4066666666666667,150.0,69.0,81.0,0.0
401,402.0,0.7674418604651163,0.6832579185520362,1.0,0.9466666666666667,0.4,150.0,70.0,80.0,0.0
402,403.0,0.770764119601329,0.6863636363636364,1.0,0.9466666666666667,0.38666666666666666,150.0,69.0,81.0,0.0
403,404.0,0.7740863787375415,0.6894977168949772,1.0,0.9466666666666667,0.3933333333333333,150.0,68.0,82.0,0.0
404,405.0,0.7774086378737541,0.6926605504587156,1.0,0.9466666666666667,0.38666666666666666,150.0,67.0,83.0,0.0
405,406.0,0.7740863787375415,0.6894977168949772,1.0,0.9466666666666667,0.3933333333333333,150.0,68.0,82.0,0.0
406,407.0,0.7807308970099668,0.695852534562212,1.0,0.9466666666666667,0.38666666666666666,150.0,66.0,84.0,0.0
407,408.0,0.7740863787375415,0.6894977168949772,1.0,0.9466666666666667,0.38666666666666666,150.0,68.0,82.0,0.0
408,409.0,0.7840531561461794,0.6990740740740741,1.0,0.94,0.38666666666666666,150.0,65.0,85.0,0.0
409,410.0,0.7807308970099668,0.695852534562212,1.0,0.9266666666666666,0.37333333333333335,150.0,66.0,84.0,0.0
410,411.0,0.7807308970099668,0.695852534562212,1.0,0.9266666666666666,0.35333333333333333,150.0,66.0,84.0,0.0
411,412.0,0.770764119601329,0.6863636363636364,1.0,0.9333333333333333,0.4,150.0,69.0,81.0,0.0
412,413.0,0.7807308970099668,0.695852534562212,1.0,0.9133333333333333,0.38666666666666666,150.0,66.0,84.0,0.0
413,414.0,0.7740863787375415,0.6894977168949772,1.0,0.92,0.4,150.0,68.0,82.0,0.0
414,415.0,0.760797342192691,0.6771300448430493,1.0,0.94,0.41333333333333333,150.0,72.0,78.0,0.0
415,416.0,0.7508305647840532,0.668141592920354,1.0,0.9466666666666667,0.4,150.0,75.0,75.0,0.0
416,417.0,0.7541528239202658,0.6711111111111111,1.0,0.9466666666666667,0.3933333333333333,150.0,74.0,76.0,0.0
417,418.0,0.760797342192691,0.6771300448430493,1.0,0.94,0.4,150.0,72.0,78.0,0.0
418,419.0,0.7641196013289037,0.6801801801801802,1.0,0.9266666666666666,0.4,150.0,71.0,79.0,0.0
419,420.0,0.7508305647840532,0.668141592920354,1.0,0.9466666666666667,0.41333333333333333,150.0,75.0,75.0,0.0
420,421.0,0.7541528239202658,0.6711111111111111,1.0,0.9466666666666667,0.3933333333333333,150.0,74.0,76.0,0.0
421,422.0,0.7441860465116279,0.6622807017543859,1.0,0.9533333333333334,0.4066666666666667,150.0,77.0,73.0,0.0
422,423.0,0.7541528239202658,0.6711111111111111,1.0,0.9533333333333334,0.38666666666666666,150.0,74.0,76.0,0.0
423,424.0,0.7574750830564784,0.6741071428571429,1.0,0.9533333333333334,0.3933333333333333,150.0,73.0,77.0,0.0
424,425.0,0.7541528239202658,0.6711111111111111,1.0,0.9466666666666667,0.41333333333333333,150.0,74.0,76.0,0.0
425,426.0,0.7508305647840532,0.668141592920354,1.0,0.9533333333333334,0.4,150.0,75.0,75.0,0.0
426,427.0,0.7308970099667774,0.6508620689655172,1.0,0.9533333333333334,0.4066666666666667,150.0,81.0,69.0,0.0
427,428.0,0.7441860465116279,0.6622807017543859,1.0,0.9533333333333334,0.3933333333333333,150.0,77.0,73.0,0.0
428,429.0,0.7308970099667774,0.6508620689655172,1.0,0.9533333333333334,0.4066666666666667,150.0,81.0,69.0,0.0
429,430.0,0.7275747508305648,0.648068669527897,1.0,0.9533333333333334,0.41333333333333333,150.0,82.0,68.0,0.0
430,431.0,0.7242524916943521,0.6452991452991453,1.0,0.9533333333333334,0.42,150.0,83.0,67.0,0.0
431,432.0,0.7242524916943521,0.6452991452991453,1.0,0.9533333333333334,0.4066666666666667,150.0,83.0,67.0,0.0
432,433.0,0.7209302325581395,0.6425531914893617,1.0,0.9533333333333334,0.4066666666666667,150.0,84.0,66.0,0.0
433,434.0,0.7209302325581395,0.6425531914893617,1.0,0.9533333333333334,0.4066666666666667,150.0,84.0,66.0,0.0
434,435.0,0.717607973421927,0.6398305084745762,1.0,0.9533333333333334,0.41333333333333333,150.0,85.0,65.0,0.0
435,436.0,0.717607973421927,0.6398305084745762,1.0,0.9533333333333334,0.41333333333333333,150.0,85.0,65.0,0.0
436,437.0,0.717607973421927,0.6398305084745762,1.0,0.9533333333333334,0.4066666666666667,150.0,85.0,65.0,0.0
437,438.0,0.7275747508305648,0.648068669527897,1.0,0.9466666666666667,0.4066666666666667,150.0,82.0,68.0,0.0
438,439.0,0.7242524916943521,0.6452991452991453,1.0,0.9533333333333334,0.41333333333333333,150.0,83.0,67.0,0.0
439,440.0,0.717607973421927,0.6398305084745762,1.0,0.9533333333333334,0.42,150.0,85.0,65.0,0.0
440,441.0,0.7242524916943521,0.6452991452991453,1.0,0.9533333333333334,0.41333333333333333,150.0,83.0,67.0,0.0
441,442.0,0.7242524916943521,0.6452991452991453,1.0,0.9533333333333334,0.4066666666666667,150.0,83.0,67.0,0.0
442,443.0,0.7275747508305648,0.648068669527897,1.0,0.96,0.41333333333333333,150.0,82.0,68.0,0.0
443,444.0,0.7308970099667774,0.6508620689655172,1.0,0.96,0.41333333333333333,150.0,81.0,69.0,0.0
444,445.0,0.7308970099667774,0.6508620689655172,1.0,0.96,0.41333333333333333,150.0,81.0,69.0,0.0
445,446.0,0.7242524916943521,0.6452991452991453,1.0,0.96,0.44,150.0,83.0,67.0,0.0
446,447.0,0.7242524916943521,0.6452991452991453,1.0,0.9666666666666667,0.42,150.0,83.0,67.0,0.0
447,448.0,0.7308970099667774,0.6508620689655172,1.0,0.96,0.4066666666666667,150.0,81.0,69.0,0.0
448,449.0,0.7308970099667774,0.6508620689655172,1.0,0.96,0.42,150.0,81.0,69.0,0.0
449,450.0,0.7275747508305648,0.648068669527897,1.0,0.96,0.41333333333333333,150.0,82.0,68.0,0.0
450,451.0,0.7308970099667774,0.6508620689655172,1.0,0.96,0.42,150.0,81.0,69.0,0.0
451,452.0,0.7242524916943521,0.6452991452991453,1.0,0.9533333333333334,0.43333333333333335,150.0,83.0,67.0,0.0
452,453.0,0.7209302325581395,0.6425531914893617,1.0,0.9533333333333334,0.44,150.0,84.0,66.0,0.0
453,454.0,0.7242524916943521,0.6452991452991453,1.0,0.96,0.42,150.0,83.0,67.0,0.0
454,455.0,0.7275747508305648,0.648068669527897,1.0,0.96,0.4,150.0,82.0,68.0,0.0
455,456.0,0.717607973421927,0.6398305084745762,1.0,0.9666666666666667,0.4266666666666667,150.0,85.0,65.0,0.0
456,457.0,0.7142857142857143,0.6371308016877637,1.0,0.9533333333333334,0.43333333333333335,150.0,86.0,64.0,0.0
457,458.0,0.7242524916943521,0.6452991452991453,1.0,0.9533333333333334,0.41333333333333333,150.0,83.0,67.0,0.0
458,459.0,0.7308970099667774,0.6508620689655172,1.0,0.9666666666666667,0.4066666666666667,150.0,81.0,69.0,0.0
459,460.0,0.7342192691029901,0.6536796536796536,1.0,0.9666666666666667,0.38666666666666666,150.0,80.0,70.0,0.0
460,461.0,0.7275747508305648,0.648068669527897,1.0,0.96,0.41333333333333333,150.0,82.0,68.0,0.0
461,462.0,0.7342192691029901,0.6536796536796536,1.0,0.96,0.4066666666666667,150.0,80.0,70.0,0.0
462,463.0,0.7342192691029901,0.6536796536796536,1.0,0.96,0.4066666666666667,150.0,80.0,70.0,0.0
463,464.0,0.7342192691029901,0.6536796536796536,1.0,0.9533333333333334,0.4,150.0,80.0,70.0,0.0
464,465.0,0.7375415282392026,0.6565217391304348,1.0,0.9533333333333334,0.3933333333333333,150.0,79.0,71.0,0.0
465,466.0,0.7441860465116279,0.6622807017543859,1.0,0.96,0.4,150.0,77.0,73.0,0.0
466,467.0,0.7541528239202658,0.6711111111111111,1.0,0.96,0.3933333333333333,150.0,74.0,76.0,0.0
467,468.0,0.7508305647840532,0.668141592920354,1.0,0.9533333333333334,0.4066666666666667,150.0,75.0,75.0,0.0
468,469.0,0.7541528239202658,0.6711111111111111,1.0,0.9533333333333334,0.38666666666666666,150.0,74.0,76.0,0.0
469,470.0,0.760797342192691,0.6771300448430493,1.0,0.9466666666666667,0.3933333333333333,150.0,72.0,78.0,0.0
470,471.0,0.7740863787375415,0.6894977168949772,1.0,0.9533333333333334,0.3933333333333333,150.0,68.0,82.0,0.0
471,472.0,0.770764119601329,0.6863636363636364,1.0,0.9466666666666667,0.3933333333333333,150.0,69.0,81.0,0.0
472,473.0,0.760797342192691,0.6771300448430493,1.0,0.9533333333333334,0.4,150.0,72.0,78.0,0.0
473,474.0,0.7674418604651163,0.6832579185520362,1.0,0.9533333333333334,0.38666666666666666,150.0,70.0,80.0,0.0
474,475.0,0.760797342192691,0.6771300448430493,1.0,0.9466666666666667,0.35333333333333333,150.0,72.0,78.0,0.0
475,476.0,0.7840531561461794,0.6990740740740741,1.0,0.96,0.35333333333333333,150.0,65.0,85.0,0.0
476,477.0,0.770764119601329,0.6863636363636364,1.0,0.9533333333333334,0.4,150.0,69.0,81.0,0.0
477,478.0,0.770764119601329,0.6863636363636364,1.0,0.9466666666666667,0.36666666666666664,150.0,69.0,81.0,0.0
478,479.0,0.7807308970099668,0.695852534562212,1.0,0.92,0.36666666666666664,150.0,66.0,84.0,0.0
479,480.0,0.7740863787375415,0.6894977168949772,1.0,0.9466666666666667,0.3933333333333333,150.0,68.0,82.0,0.0
480,481.0,0.7774086378737541,0.6926605504587156,1.0,0.94,0.37333333333333335,150.0,67.0,83.0,0.0
481,482.0,0.7641196013289037,0.6801801801801802,1.0,0.9466666666666667,0.4,150.0,71.0,79.0,0.0
482,483.0,0.7641196013289037,0.6801801801801802,1.0,0.9533333333333334,0.38,150.0,71.0,79.0,0.0
483,484.0,0.7541528239202658,0.6711111111111111,1.0,0.9533333333333334,0.3933333333333333,150.0,74.0,76.0,0.0
484,485.0,0.7541528239202658,0.6711111111111111,1.0,0.9533333333333334,0.3933333333333333,150.0,74.0,76.0,0.0
485,486.0,0.7508305647840532,0.668141592920354,1.0,0.9533333333333334,0.38666666666666666,150.0,75.0,75.0,0.0
486,487.0,0.7641196013289037,0.6801801801801802,1.0,0.9333333333333333,0.38666666666666666,150.0,71.0,79.0,0.0
487,488.0,0.7541528239202658,0.6711111111111111,1.0,0.9533333333333334,0.3933333333333333,150.0,74.0,76.0,0.0
488,489.0,0.7508305647840532,0.668141592920354,1.0,0.9533333333333334,0.4,150.0,75.0,75.0,0.0
489,490.0,0.7508305647840532,0.668141592920354,1.0,0.9533333333333334,0.4,150.0,75.0,75.0,0.0
490,491.0,0.7475083056478405,0.6651982378854625,1.0,0.9533333333333334,0.38666666666666666,150.0,76.0,74.0,0.0
491,492.0,0.7441860465116279,0.6622807017543859,1.0,0.9533333333333334,0.38666666666666666,150.0,77.0,73.0,0.0
492,493.0,0.7441860465116279,0.6622807017543859,1.0,0.9533333333333334,0.3933333333333333,150.0,77.0,73.0,0.0
493,494.0,0.7441860465116279,0.6622807017543859,1.0,0.9533333333333334,0.3933333333333333,150.0,77.0,73.0,0.0
494,495.0,0.7441860465116279,0.6622807017543859,1.0,0.9533333333333334,0.38666666666666666,150.0,77.0,73.0,0.0
495,496.0,0.7441860465116279,0.6622807017543859,1.0,0.9533333333333334,0.38666666666666666,150.0,77.0,73.0,0.0
496,497.0,0.7408637873754153,0.6593886462882096,1.0,0.9533333333333334,0.38666666666666666,150.0,78.0,72.0,0.0
497,498.0,0.7408637873754153,0.6593886462882096,1.0,0.9533333333333334,0.38666666666666666,150.0,78.0,72.0,0.0
498,499.0,0.7408637873754153,0.6593886462882096,1.0,0.9533333333333334,0.38666666666666666,150.0,78.0,72.0,0.0
499,500.0,0.7408637873754153,0.6593886462882096,1.0,0.9533333333333334,0.38666666666666666,150.0,78.0,72.0,0.0
500,501.0,0.7408637873754153,0.6593886462882096,1.0,0.9533333333333334,0.38666666666666666,150.0,78.0,72.0,0.0
501,502.0,0.7408637873754153,0.6593886462882096,1.0,0.9533333333333334,0.38666666666666666,150.0,78.0,72.0,0.0
502,503.0,0.7342192691029901,0.6536796536796536,1.0,0.9533333333333334,0.38666666666666666,150.0,80.0,70.0,0.0
503,504.0,0.7308970099667774,0.6508620689655172,1.0,0.9533333333333334,0.38666666666666666,150.0,81.0,69.0,0.0
504,505.0,0.7308970099667774,0.6508620689655172,1.0,0.9533333333333334,0.38666666666666666,150.0,81.0,69.0,0.0
505,506.0,0.7308970099667774,0.6508620689655172,1.0,0.9533333333333334,0.38666666666666666,150.0,81.0,69.0,0.0
506,507.0,0.7308970099667774,0.6508620689655172,1.0,0.9533333333333334,0.38666666666666666,150.0,81.0,69.0,0.0
507,508.0,0.7308970099667774,0.6508620689655172,1.0,0.9533333333333334,0.38666666666666666,150.0,81.0,69.0,0.0
508,509.0,0.7308970099667774,0.6508620689655172,1.0,0.9533333333333334,0.38666666666666666,150.0,81.0,69.0,0.0
509,510.0,0.7308970099667774,0.6508620689655172,1.0,0.9533333333333334,0.38666666666666666,150.0,81.0,69.0,0.0
510,511.0,0.7308970099667774,0.6508620689655172,1.0,0.9533333333333334,0.38666666666666666,150.0,81.0,69.0,0.0
511,512.0,0.7308970099667774,0.6508620689655172,1.0,0.9533333333333334,0.38666666666666666,150.0,81.0,69.0,0.0
512,513.0,0.7275747508305648,0.648068669527897,1.0,0.9533333333333334,0.38666666666666666,150.0,82.0,68.0,0.0
513,514.0,0.7275747508305648,0.648068669527897,1.0,0.9533333333333334,0.38666666666666666,150.0,82.0,68.0,0.0
514,515.0,0.7275747508305648,0.648068669527897,1.0,0.9533333333333334,0.38666666666666666,150.0,82.0,68.0,0.0
515,516.0,0.7275747508305648,0.648068669527897,1.0,0.9533333333333334,0.38666666666666666,150.0,82.0,68.0,0.0
516,517.0,0.7275747508305648,0.648068669527897,1.0,0.9533333333333334,0.38666666666666666,150.0,82.0,68.0,0.0
517,518.0,0.7275747508305648,0.648068669527897,1.0,0.9533333333333334,0.38666666666666666,150.0,82.0,68.0,0.0
518,519.0,0.7275747508305648,0.648068669527897,1.0,0.9533333333333334,0.38666666666666666,150.0,82.0,68.0,0.0
519,520.0,0.7275747508305648,0.648068669527897,1.0,0.9533333333333334,0.38,150.0,82.0,68.0,0.0
520,521.0,0.7275747508305648,0.648068669527897,1.0,0.9533333333333334,0.38666666666666666,150.0,82.0,68.0,0.0
521,522.0,0.7275747508305648,0.648068669527897,1.0,0.9533333333333334,0.38666666666666666,150.0,82.0,68.0,0.0
522,523.0,0.7275747508305648,0.648068669527897,1.0,0.9533333333333334,0.38666666666666666,150.0,82.0,68.0,0.0
523,524.0,0.7275747508305648,0.648068669527897,1.0,0.9533333333333334,0.38666666666666666,150.0,82.0,68.0,0.0
524,525.0,0.7275747508305648,0.648068669527897,1.0,0.9533333333333334,0.3933333333333333,150.0,82.0,68.0,0.0
525,526.0,0.7275747508305648,0.648068669527897,1.0,0.9533333333333334,0.3933333333333333,150.0,82.0,68.0,0.0
526,527.0,0.7242524916943521,0.6452991452991453,1.0,0.9533333333333334,0.3933333333333333,150.0,83.0,67.0,0.0
527,528.0,0.7242524916943521,0.6452991452991453,1.0,0.9533333333333334,0.3933333333333333,150.0,83.0,67.0,0.0
528,529.0,0.7242524916943521,0.6452991452991453,1.0,0.9533333333333334,0.4,150.0,83.0,67.0,0.0
529,530.0,0.7242524916943521,0.6452991452991453,1.0,0.9533333333333334,0.4066666666666667,150.0,83.0,67.0,0.0
530,531.0,0.7209302325581395,0.6425531914893617,1.0,0.9533333333333334,0.4066666666666667,150.0,84.0,66.0,0.0
531,532.0,0.7209302325581395,0.6425531914893617,1.0,0.9533333333333334,0.4066666666666667,150.0,84.0,66.0,0.0
532,533.0,0.7209302325581395,0.6425531914893617,1.0,0.9533333333333334,0.4066666666666667,150.0,84.0,66.0,0.0
533,534.0,0.7209302325581395,0.6425531914893617,1.0,0.9533333333333334,0.4,150.0,84.0,66.0,0.0
534,535.0,0.7209302325581395,0.6425531914893617,1.0,0.9533333333333334,0.4,150.0,84.0,66.0,0.0
535,536.0,0.7209302325581395,0.6425531914893617,1.0,0.9533333333333334,0.4,150.0,84.0,66.0,0.0
536,537.0,0.7209302325581395,0.6425531914893617,1.0,0.9533333333333334,0.4,150.0,84.0,66.0,0.0
537,538.0,0.7209302325581395,0.6425531914893617,1.0,0.9533333333333334,0.4,150.0,84.0,66.0,0.0
538,539.0,0.7209302325581395,0.6425531914893617,1.0,0.96,0.4066666666666667,150.0,84.0,66.0,0.0
539,540.0,0.7209302325581395,0.6425531914893617,1.0,0.9666666666666667,0.4066666666666667,150.0,84.0,66.0,0.0
540,541.0,0.7209302325581395,0.6425531914893617,1.0,0.9666666666666667,0.4066666666666667,150.0,84.0,66.0,0.0
541,542.0,0.7209302325581395,0.6425531914893617,1.0,0.9666666666666667,0.4066666666666667,150.0,84.0,66.0,0.0
542,543.0,0.7209302325581395,0.6425531914893617,1.0,0.9666666666666667,0.4066666666666667,150.0,84.0,66.0,0.0
543,544.0,0.7209302325581395,0.6425531914893617,1.0,0.9666666666666667,0.4066666666666667,150.0,84.0,66.0,0.0
544,545.0,0.7209302325581395,0.6425531914893617,1.0,0.9666666666666667,0.4066666666666667,150.0,84.0,66.0,0.0
545,546.0,0.7209302325581395,0.6425531914893617,1.0,0.9666666666666667,0.4066666666666667,150.0,84.0,66.0,0.0
546,547.0,0.7209302325581395,0.6425531914893617,1.0,0.9666666666666667,0.4066666666666667,150.0,84.0,66.0,0.0
547,548.0,0.7209302325581395,0.6425531914893617,1.0,0.9666666666666667,0.4066666666666667,150.0,84.0,66.0,0.0
548,549.0,0.7209302325581395,0.6425531914893617,1.0,0.9666666666666667,0.4066666666666667,150.0,84.0,66.0,0.0
549,550.0,0.7209302325581395,0.6425531914893617,1.0,0.9666666666666667,0.4066666666666667,150.0,84.0,66.0,0.0
550,551.0,0.7209302325581395,0.6425531914893617,1.0,0.9666666666666667,0.4066666666666667,150.0,84.0,66.0,0.0
551,552.0,0.7209302325581395,0.6425531914893617,1.0,0.9666666666666667,0.4066666666666667,150.0,84.0,66.0,0.0
552,553.0,0.7209302325581395,0.6425531914893617,1.0,0.9666666666666667,0.4066666666666667,150.0,84.0,66.0,0.0
553,554.0,0.7209302325581395,0.6425531914893617,1.0,0.9666666666666667,0.4066666666666667,150.0,84.0,66.0,0.0
554,555.0,0.717607973421927,0.6398305084745762,1.0,0.9666666666666667,0.4066666666666667,150.0,85.0,65.0,0.0
555,556.0,0.717607973421927,0.6398305084745762,1.0,0.9666666666666667,0.4066666666666667,150.0,85.0,65.0,0.0
556,557.0,0.717607973421927,0.6398305084745762,1.0,0.9666666666666667,0.41333333333333333,150.0,85.0,65.0,0.0
557,558.0,0.717607973421927,0.6398305084745762,1.0,0.9666666666666667,0.41333333333333333,150.0,85.0,65.0,0.0
558,559.0,0.717607973421927,0.6398305084745762,1.0,0.9666666666666667,0.41333333333333333,150.0,85.0,65.0,0.0
559,560.0,0.717607973421927,0.6398305084745762,1.0,0.9666666666666667,0.41333333333333333,150.0,85.0,65.0,0.0
560,561.0,0.7142857142857143,0.6371308016877637,1.0,0.9666666666666667,0.41333333333333333,150.0,86.0,64.0,0.0
561,562.0,0.7142857142857143,0.6371308016877637,1.0,0.9666666666666667,0.41333333333333333,150.0,86.0,64.0,0.0
562,563.0,0.7142857142857143,0.6371308016877637,1.0,0.9666666666666667,0.4066666666666667,150.0,86.0,64.0,0.0
563,564.0,0.7142857142857143,0.6371308016877637,1.0,0.9666666666666667,0.4066666666666667,150.0,86.0,64.0,0.0
564,565.0,0.7142857142857143,0.6371308016877637,1.0,0.9666666666666667,0.4,150.0,86.0,64.0,0.0
565,566.0,0.7142857142857143,0.6371308016877637,1.0,0.9666666666666667,0.4,150.0,86.0,64.0,0.0
566,567.0,0.7142857142857143,0.6371308016877637,1.0,0.9666666666666667,0.4,150.0,86.0,64.0,0.0
567,568.0,0.7142857142857143,0.6371308016877637,1.0,0.9666666666666667,0.4066666666666667,150.0,86.0,64.0,0.0
568,569.0,0.7375415282392026,0.6565217391304348,1.0,0.94,0.4066666666666667,150.0,79.0,71.0,0.0
569,570.0,0.7242524916943521,0.6452991452991453,1.0,0.9666666666666667,0.42,150.0,83.0,67.0,0.0
570,571.0,0.7242524916943521,0.6452991452991453,1.0,0.9466666666666667,0.4066666666666667,150.0,83.0,67.0,0.0
571,572.0,0.717607973421927,0.6398305084745762,1.0,0.98,0.42,150.0,85.0,65.0,0.0
572,573.0,0.707641196013289,0.6317991631799164,1.0,0.9733333333333334,0.42,150.0,88.0,62.0,0.0
573,574.0,0.7242524916943521,0.6452991452991453,1.0,0.96,0.42,150.0,83.0,67.0,0.0
574,575.0,0.7342192691029901,0.6536796536796536,1.0,0.9666666666666667,0.4066666666666667,150.0,80.0,70.0,0.0
575,576.0,0.7209302325581395,0.6425531914893617,1.0,0.9733333333333334,0.4066666666666667,150.0,84.0,66.0,0.0
576,577.0,0.7275747508305648,0.648068669527897,1.0,0.9666666666666667,0.41333333333333333,150.0,82.0,68.0,0.0
577,578.0,0.7242524916943521,0.6452991452991453,1.0,0.98,0.42,150.0,83.0,67.0,0.0
578,579.0,0.717607973421927,0.6398305084745762,1.0,0.9733333333333334,0.41333333333333333,150.0,85.0,65.0,0.0
579,580.0,0.7109634551495017,0.634453781512605,1.0,0.98,0.43333333333333335,150.0,87.0,63.0,0.0
580,581.0,0.7109634551495017,0.634453781512605,1.0,0.98,0.42,150.0,87.0,63.0,0.0
581,582.0,0.717607973421927,0.6398305084745762,1.0,0.98,0.4066666666666667,150.0,85.0,65.0,0.0
582,583.0,0.7375415282392026,0.6565217391304348,1.0,0.9666666666666667,0.4,150.0,79.0,71.0,0.0
583,584.0,0.7275747508305648,0.648068669527897,1.0,0.9666666666666667,0.4066666666666667,150.0,82.0,68.0,0.0
584,585.0,0.7209302325581395,0.6425531914893617,1.0,0.9733333333333334,0.4,150.0,84.0,66.0,0.0
585,586.0,0.717607973421927,0.6398305084745762,1.0,0.98,0.43333333333333335,150.0,85.0,65.0,0.0
586,587.0,0.7142857142857143,0.6371308016877637,1.0,0.98,0.42,150.0,86.0,64.0,0.0
587,588.0,0.7142857142857143,0.6371308016877637,1.0,0.98,0.4266666666666667,150.0,86.0,64.0,0.0
588,589.0,0.7142857142857143,0.6371308016877637,1.0,0.98,0.42,150.0,86.0,64.0,0.0
589,590.0,0.7142857142857143,0.6371308016877637,1.0,0.98,0.4266666666666667,150.0,86.0,64.0,0.0
590,591.0,0.7142857142857143,0.6371308016877637,1.0,0.98,0.42,150.0,86.0,64.0,0.0
591,592.0,0.7142857142857143,0.6371308016877637,1.0,0.98,0.4266666666666667,150.0,86.0,64.0,0.0
592,593.0,0.7142857142857143,0.6371308016877637,1.0,0.98,0.42,150.0,86.0,64.0,0.0
593,594.0,0.7142857142857143,0.6371308016877637,1.0,0.98,0.4266666666666667,150.0,86.0,64.0,0.0
594,595.0,0.7142857142857143,0.6371308016877637,1.0,0.98,0.42,150.0,86.0,64.0,0.0
595,596.0,0.7209302325581395,0.6425531914893617,1.0,0.98,0.4266666666666667,150.0,84.0,66.0,0.0
596,597.0,0.7142857142857143,0.6371308016877637,1.0,0.98,0.41333333333333333,150.0,86.0,64.0,0.0
597,598.0,0.7142857142857143,0.6371308016877637,1.0,0.98,0.42,150.0,86.0,64.0,0.0
598,599.0,0.7142857142857143,0.6371308016877637,1.0,0.98,0.41333333333333333,150.0,86.0,64.0,0.0
599,600.0,0.707641196013289,0.6317991631799164,1.0,0.98,0.43333333333333335,150.0,88.0,62.0,0.0
600,601.0,0.7142857142857143,0.6371308016877637,1.0,0.98,0.4266666666666667,150.0,86.0,64.0,0.0
601,602.0,0.717607973421927,0.6398305084745762,1.0,0.98,0.41333333333333333,150.0,85.0,65.0,0.0
602,603.0,0.7209302325581395,0.6425531914893617,1.0,0.9733333333333334,0.41333333333333333,150.0,84.0,66.0,0.0
603,604.0,0.717607973421927,0.6398305084745762,1.0,0.98,0.4266666666666667,150.0,85.0,65.0,0.0
604,605.0,0.7142857142857143,0.6371308016877637,1.0,0.98,0.42,150.0,86.0,64.0,0.0
605,606.0,0.7142857142857143,0.6371308016877637,1.0,0.98,0.42,150.0,86.0,64.0,0.0
606,607.0,0.7142857142857143,0.6371308016877637,1.0,0.98,0.43333333333333335,150.0,86.0,64.0,0.0
607,608.0,0.7142857142857143,0.6371308016877637,1.0,0.98,0.43333333333333335,150.0,86.0,64.0,0.0
608,609.0,0.7142857142857143,0.6371308016877637,1.0,0.98,0.41333333333333333,150.0,86.0,64.0,0.0
609,610.0,0.7142857142857143,0.6371308016877637,1.0,0.98,0.4266666666666667,150.0,86.0,64.0,0.0
610,611.0,0.7142857142857143,0.6371308016877637,1.0,0.98,0.41333333333333333,150.0,86.0,64.0,0.0
611,612.0,0.7142857142857143,0.6371308016877637,1.0,0.98,0.44,150.0,86.0,64.0,0.0
612,613.0,0.7142857142857143,0.6371308016877637,1.0,0.98,0.43333333333333335,150.0,86.0,64.0,0.0
613,614.0,0.7142857142857143,0.6371308016877637,1.0,0.98,0.4266666666666667,150.0,86.0,64.0,0.0
614,615.0,0.7142857142857143,0.6371308016877637,1.0,0.98,0.42,150.0,86.0,64.0,0.0
615,616.0,0.7142857142857143,0.6371308016877637,1.0,0.98,0.42,150.0,86.0,64.0,0.0
616,617.0,0.7142857142857143,0.6371308016877637,1.0,0.98,0.42,150.0,86.0,64.0,0.0
617,618.0,0.7142857142857143,0.6371308016877637,1.0,0.98,0.4266666666666667,150.0,86.0,64.0,0.0
618,619.0,0.7142857142857143,0.6371308016877637,1.0,0.98,0.41333333333333333,150.0,86.0,64.0,0.0
619,620.0,0.7142857142857143,0.6371308016877637,1.0,0.98,0.41333333333333333,150.0,86.0,64.0,0.0
620,621.0,0.7142857142857143,0.6371308016877637,1.0,0.98,0.41333333333333333,150.0,86.0,64.0,0.0
621,622.0,0.7142857142857143,0.6371308016877637,1.0,0.98,0.41333333333333333,150.0,86.0,64.0,0.0
622,623.0,0.7142857142857143,0.6371308016877637,1.0,0.98,0.4066666666666667,150.0,86.0,64.0,0.0
623,624.0,0.7142857142857143,0.6371308016877637,1.0,0.98,0.41333333333333333,150.0,86.0,64.0,0.0
624,625.0,0.7142857142857143,0.6371308016877637,1.0,0.98,0.4066666666666667,150.0,86.0,64.0,0.0
625,626.0,0.7142857142857143,0.6371308016877637,1.0,0.98,0.41333333333333333,150.0,86.0,64.0,0.0
626,627.0,0.7142857142857143,0.6371308016877637,1.0,0.98,0.4066666666666667,150.0,86.0,64.0,0.0
627,628.0,0.7142857142857143,0.6371308016877637,1.0,0.98,0.41333333333333333,150.0,86.0,64.0,0.0
628,629.0,0.7142857142857143,0.6371308016877637,1.0,0.98,0.4066666666666667,150.0,86.0,64.0,0.0
629,630.0,0.7142857142857143,0.6371308016877637,1.0,0.98,0.41333333333333333,150.0,86.0,64.0,0.0
630,631.0,0.7142857142857143,0.6371308016877637,1.0,0.98,0.4066666666666667,150.0,86.0,64.0,0.0
631,632.0,0.7142857142857143,0.6371308016877637,1.0,0.98,0.41333333333333333,150.0,86.0,64.0,0.0
632,633.0,0.7142857142857143,0.6371308016877637,1.0,0.98,0.4066666666666667,150.0,86.0,64.0,0.0
633,634.0,0.7142857142857143,0.6371308016877637,1.0,0.98,0.42,150.0,86.0,64.0,0.0
634,635.0,0.7142857142857143,0.6371308016877637,1.0,0.98,0.41333333333333333,150.0,86.0,64.0,0.0
635,636.0,0.7142857142857143,0.6371308016877637,1.0,0.98,0.42,150.0,86.0,64.0,0.0
636,637.0,0.7142857142857143,0.6371308016877637,1.0,0.98,0.41333333333333333,150.0,86.0,64.0,0.0
637,638.0,0.7142857142857143,0.6371308016877637,1.0,0.98,0.4266666666666667,150.0,86.0,64.0,0.0
638,639.0,0.7142857142857143,0.6371308016877637,1.0,0.98,0.41333333333333333,150.0,86.0,64.0,0.0
639,640.0,0.7142857142857143,0.6371308016877637,1.0,0.98,0.4266666666666667,150.0,86.0,64.0,0.0
640,641.0,0.7142857142857143,0.6371308016877637,1.0,0.98,0.41333333333333333,150.0,86.0,64.0,0.0
641,642.0,0.7142857142857143,0.6371308016877637,1.0,0.98,0.4266666666666667,150.0,86.0,64.0,0.0
642,643.0,0.7142857142857143,0.6371308016877637,1.0,0.98,0.42,150.0,86.0,64.0,0.0
643,644.0,0.7142857142857143,0.6371308016877637,1.0,0.98,0.4266666666666667,150.0,86.0,64.0,0.0
644,645.0,0.7142857142857143,0.6371308016877637,1.0,0.98,0.4266666666666667,150.0,86.0,64.0,0.0
645,646.0,0.7142857142857143,0.6371308016877637,1.0,0.98,0.4266666666666667,150.0,86.0,64.0,0.0
646,647.0,0.7142857142857143,0.6371308016877637,1.0,0.98,0.4266666666666667,150.0,86.0,64.0,0.0
647,648.0,0.7142857142857143,0.6371308016877637,1.0,0.98,0.4266666666666667,150.0,86.0,64.0,0.0
648,649.0,0.7142857142857143,0.6371308016877637,1.0,0.98,0.4266666666666667,150.0,86.0,64.0,0.0
649,650.0,0.7142857142857143,0.6371308016877637,1.0,0.98,0.4266666666666667,150.0,86.0,64.0,0.0
650,651.0,0.7142857142857143,0.6371308016877637,1.0,0.98,0.4266666666666667,150.0,86.0,64.0,0.0
651,652.0,0.7142857142857143,0.6371308016877637,1.0,0.98,0.4266666666666667,150.0,86.0,64.0,0.0
652,653.0,0.7142857142857143,0.6371308016877637,1.0,0.98,0.4266666666666667,150.0,86.0,64.0,0.0
653,654.0,0.7142857142857143,0.6371308016877637,1.0,0.98,0.43333333333333335,150.0,86.0,64.0,0.0
654,655.0,0.7142857142857143,0.6371308016877637,1.0,0.98,0.43333333333333335,150.0,86.0,64.0,0.0
655,656.0,0.7142857142857143,0.6371308016877637,1.0,0.98,0.43333333333333335,150.0,86.0,64.0,0.0
656,657.0,0.7142857142857143,0.6371308016877637,1.0,0.98,0.44,150.0,86.0,64.0,0.0
657,658.0,0.7142857142857143,0.6371308016877637,1.0,0.98,0.43333333333333335,150.0,86.0,64.0,0.0
658,659.0,0.7142857142857143,0.6371308016877637,1.0,0.98,0.44,150.0,86.0,64.0,0.0
659,660.0,0.7142857142857143,0.6371308016877637,1.0,0.98,0.43333333333333335,150.0,86.0,64.0,0.0
660,661.0,0.7142857142857143,0.6371308016877637,1.0,0.98,0.44,150.0,86.0,64.0,0.0
661,662.0,0.7142857142857143,0.6371308016877637,1.0,0.98,0.43333333333333335,150.0,86.0,64.0,0.0
662,663.0,0.7142857142857143,0.6371308016877637,1.0,0.98,0.44,150.0,86.0,64.0,0.0
663,664.0,0.7142857142857143,0.6371308016877637,1.0,0.98,0.44,150.0,86.0,64.0,0.0
664,665.0,0.7142857142857143,0.6371308016877637,1.0,0.98,0.44,150.0,86.0,64.0,0.0
665,666.0,0.7142857142857143,0.6371308016877637,1.0,0.98,0.44,150.0,86.0,64.0,0.0
666,667.0,0.7142857142857143,0.6371308016877637,1.0,0.98,0.44,150.0,86.0,64.0,0.0
667,668.0,0.7142857142857143,0.6371308016877637,1.0,0.98,0.44,150.0,86.0,64.0,0.0
668,669.0,0.7142857142857143,0.6371308016877637,1.0,0.98,0.44,150.0,86.0,64.0,0.0
669,670.0,0.7142857142857143,0.6371308016877637,1.0,0.98,0.44,150.0,86.0,64.0,0.0
670,671.0,0.7142857142857143,0.6371308016877637,1.0,0.98,0.44,150.0,86.0,64.0,0.0
671,672.0,0.7142857142857143,0.6371308016877637,1.0,0.98,0.44,150.0,86.0,64.0,0.0
672,673.0,0.7142857142857143,0.6371308016877637,1.0,0.98,0.44,150.0,86.0,64.0,0.0
673,674.0,0.7142857142857143,0.6371308016877637,1.0,0.98,0.44,150.0,86.0,64.0,0.0
674,675.0,0.7142857142857143,0.6371308016877637,1.0,0.98,0.44,150.0,86.0,64.0,0.0
675,676.0,0.7142857142857143,0.6371308016877637,1.0,0.98,0.44,150.0,86.0,64.0,0.0
676,677.0,0.7142857142857143,0.6371308016877637,1.0,0.98,0.44,150.0,86.0,64.0,0.0
677,678.0,0.7142857142857143,0.6371308016877637,1.0,0.98,0.44,150.0,86.0,64.0,0.0
678,679.0,0.7142857142857143,0.6371308016877637,1.0,0.98,0.44,150.0,86.0,64.0,0.0
679,680.0,0.7142857142857143,0.6371308016877637,1.0,0.98,0.44,150.0,86.0,64.0,0.0
680,681.0,0.7142857142857143,0.6371308016877637,1.0,0.98,0.44,150.0,86.0,64.0,0.0
681,682.0,0.7142857142857143,0.6371308016877637,1.0,0.98,0.44,150.0,86.0,64.0,0.0
682,683.0,0.7142857142857143,0.6371308016877637,1.0,0.98,0.44,150.0,86.0,64.0,0.0
683,684.0,0.7142857142857143,0.6371308016877637,1.0,0.98,0.44,150.0,86.0,64.0,0.0
684,685.0,0.7142857142857143,0.6371308016877637,1.0,0.98,0.44,150.0,86.0,64.0,0.0
685,686.0,0.7142857142857143,0.6371308016877637,1.0,0.98,0.44,150.0,86.0,64.0,0.0
686,687.0,0.7142857142857143,0.6371308016877637,1.0,0.98,0.44,150.0,86.0,64.0,0.0
687,688.0,0.7142857142857143,0.6371308016877637,1.0,0.98,0.44,150.0,86.0,64.0,0.0
688,689.0,0.7142857142857143,0.6371308016877637,1.0,0.98,0.44,150.0,86.0,64.0,0.0
689,690.0,0.7142857142857143,0.6371308016877637,1.0,0.98,0.43333333333333335,150.0,86.0,64.0,0.0
690,691.0,0.7142857142857143,0.6371308016877637,1.0,0.98,0.44,150.0,86.0,64.0,0.0
691,692.0,0.7142857142857143,0.6371308016877637,1.0,0.98,0.43333333333333335,150.0,86.0,64.0,0.0
692,693.0,0.7142857142857143,0.6371308016877637,1.0,0.98,0.44,150.0,86.0,64.0,0.0
693,694.0,0.7142857142857143,0.6371308016877637,1.0,0.98,0.43333333333333335,150.0,86.0,64.0,0.0
694,695.0,0.7142857142857143,0.6371308016877637,1.0,0.98,0.44,150.0,86.0,64.0,0.0
695,696.0,0.7142857142857143,0.6371308016877637,1.0,0.98,0.43333333333333335,150.0,86.0,64.0,0.0
696,697.0,0.7142857142857143,0.6371308016877637,1.0,0.98,0.43333333333333335,150.0,86.0,64.0,0.0
697,698.0,0.7142857142857143,0.6371308016877637,1.0,0.98,0.43333333333333335,150.0,86.0,64.0,0.0
698,699.0,0.7142857142857143,0.6371308016877637,1.0,0.98,0.43333333333333335,150.0,86.0,64.0,0.0
699,700.0,0.7142857142857143,0.6371308016877637,1.0,0.98,0.43333333333333335,150.0,86.0,64.0,0.0
700,701.0,0.7142857142857143,0.6371308016877637,1.0,0.98,0.43333333333333335,150.0,86.0,64.0,0.0
701,702.0,0.7142857142857143,0.6371308016877637,1.0,0.98,0.43333333333333335,150.0,86.0,64.0,0.0
702,703.0,0.7142857142857143,0.6371308016877637,1.0,0.98,0.44,150.0,86.0,64.0,0.0
703,704.0,0.7142857142857143,0.6371308016877637,1.0,0.98,0.43333333333333335,150.0,86.0,64.0,0.0
704,705.0,0.717607973421927,0.6398305084745762,1.0,0.98,0.44666666666666666,150.0,85.0,65.0,0.0
705,706.0,0.7142857142857143,0.6371308016877637,1.0,0.98,0.44,150.0,86.0,64.0,0.0
706,707.0,0.7142857142857143,0.6371308016877637,1.0,0.98,0.44666666666666666,150.0,86.0,64.0,0.0
707,708.0,0.7142857142857143,0.6371308016877637,1.0,0.98,0.43333333333333335,150.0,86.0,64.0,0.0
708,709.0,0.7142857142857143,0.6371308016877637,1.0,0.98,0.44,150.0,86.0,64.0,0.0
709,710.0,0.7142857142857143,0.6371308016877637,1.0,0.98,0.44,150.0,86.0,64.0,0.0
710,711.0,0.7142857142857143,0.6371308016877637,1.0,0.98,0.44,150.0,86.0,64.0,0.0
711,712.0,0.7142857142857143,0.6371308016877637,1.0,0.98,0.44,150.0,86.0,64.0,0.0
712,713.0,0.7142857142857143,0.6371308016877637,1.0,0.98,0.44,150.0,86.0,64.0,0.0
713,714.0,0.7142857142857143,0.6371308016877637,1.0,0.98,0.44,150.0,86.0,64.0,0.0
714,715.0,0.7142857142857143,0.6371308016877637,1.0,0.98,0.44666666666666666,150.0,86.0,64.0,0.0
715,716.0,0.7142857142857143,0.6371308016877637,1.0,0.98,0.44,150.0,86.0,64.0,0.0
716,717.0,0.7142857142857143,0.6371308016877637,1.0,0.98,0.44666666666666666,150.0,86.0,64.0,0.0
717,718.0,0.7142857142857143,0.6371308016877637,1.0,0.98,0.44,150.0,86.0,64.0,0.0
718,719.0,0.7142857142857143,0.6371308016877637,1.0,0.98,0.44666666666666666,150.0,86.0,64.0,0.0
719,720.0,0.7142857142857143,0.6371308016877637,1.0,0.98,0.44,150.0,86.0,64.0,0.0
720,721.0,0.7142857142857143,0.6371308016877637,1.0,0.98,0.44666666666666666,150.0,86.0,64.0,0.0
721,722.0,0.7142857142857143,0.6371308016877637,1.0,0.98,0.44,150.0,86.0,64.0,0.0
722,723.0,0.7142857142857143,0.6371308016877637,1.0,0.98,0.44666666666666666,150.0,86.0,64.0,0.0
723,724.0,0.7142857142857143,0.6371308016877637,1.0,0.98,0.44,150.0,86.0,64.0,0.0
724,725.0,0.7142857142857143,0.6371308016877637,1.0,0.98,0.44666666666666666,150.0,86.0,64.0,0.0
725,726.0,0.7142857142857143,0.6371308016877637,1.0,0.98,0.44,150.0,86.0,64.0,0.0
726,727.0,0.7142857142857143,0.6371308016877637,1.0,0.98,0.44666666666666666,150.0,86.0,64.0,0.0
727,728.0,0.7142857142857143,0.6371308016877637,1.0,0.98,0.44,150.0,86.0,64.0,0.0
728,729.0,0.717607973421927,0.6398305084745762,1.0,0.98,0.44666666666666666,150.0,85.0,65.0,0.0
729,730.0,0.717607973421927,0.6398305084745762,1.0,0.98,0.44,150.0,85.0,65.0,0.0
730,731.0,0.717607973421927,0.6398305084745762,1.0,0.98,0.44666666666666666,150.0,85.0,65.0,0.0
731,732.0,0.717607973421927,0.6398305084745762,1.0,0.98,0.44,150.0,85.0,65.0,0.0
732,733.0,0.717607973421927,0.6398305084745762,1.0,0.98,0.44666666666666666,150.0,85.0,65.0,0.0
733,734.0,0.717607973421927,0.6398305084745762,1.0,0.98,0.44,150.0,85.0,65.0,0.0
734,735.0,0.717607973421927,0.6398305084745762,1.0,0.98,0.44666666666666666,150.0,85.0,65.0,0.0
735,736.0,0.717607973421927,0.6398305084745762,1.0,0.98,0.44,150.0,85.0,65.0,0.0
736,737.0,0.717607973421927,0.6398305084745762,1.0,0.98,0.44666666666666666,150.0,85.0,65.0,0.0
737,738.0,0.717607973421927,0.6398305084745762,1.0,0.98,0.44,150.0,85.0,65.0,0.0
738,739.0,0.717607973421927,0.6398305084745762,1.0,0.98,0.44666666666666666,150.0,85.0,65.0,0.0
739,740.0,0.717607973421927,0.6398305084745762,1.0,0.98,0.44,150.0,85.0,65.0,0.0
740,741.0,0.717607973421927,0.6398305084745762,1.0,0.98,0.44666666666666666,150.0,85.0,65.0,0.0
741,742.0,0.717607973421927,0.6398305084745762,1.0,0.98,0.44666666666666666,150.0,85.0,65.0,0.0
742,743.0,0.717607973421927,0.6398305084745762,1.0,0.98,0.4533333333333333,150.0,85.0,65.0,0.0
743,744.0,0.717607973421927,0.6398305084745762,1.0,0.98,0.44666666666666666,150.0,85.0,65.0,0.0
744,745.0,0.717607973421927,0.6398305084745762,1.0,0.98,0.4533333333333333,150.0,85.0,65.0,0.0
745,746.0,0.717607973421927,0.6398305084745762,1.0,0.98,0.44666666666666666,150.0,85.0,65.0,0.0
746,747.0,0.717607973421927,0.6398305084745762,1.0,0.98,0.4533333333333333,150.0,85.0,65.0,0.0
747,748.0,0.717607973421927,0.6398305084745762,1.0,0.98,0.44666666666666666,150.0,85.0,65.0,0.0
748,749.0,0.717607973421927,0.6398305084745762,1.0,0.98,0.4533333333333333,150.0,85.0,65.0,0.0
749,750.0,0.717607973421927,0.6398305084745762,1.0,0.98,0.44666666666666666,150.0,85.0,65.0,0.0
750,751.0,0.717607973421927,0.6398305084745762,1.0,0.98,0.4533333333333333,150.0,85.0,65.0,0.0
751,752.0,0.717607973421927,0.6398305084745762,1.0,0.98,0.44666666666666666,150.0,85.0,65.0,0.0
752,753.0,0.717607973421927,0.6398305084745762,1.0,0.98,0.4533333333333333,150.0,85.0,65.0,0.0
753,754.0,0.717607973421927,0.6398305084745762,1.0,0.98,0.44666666666666666,150.0,85.0,65.0,0.0
754,755.0,0.717607973421927,0.6398305084745762,1.0,0.98,0.4533333333333333,150.0,85.0,65.0,0.0
755,756.0,0.717607973421927,0.6398305084745762,1.0,0.98,0.44,150.0,85.0,65.0,0.0
756,757.0,0.717607973421927,0.6398305084745762,1.0,0.98,0.4533333333333333,150.0,85.0,65.0,0.0
757,758.0,0.717607973421927,0.6398305084745762,1.0,0.98,0.44,150.0,85.0,65.0,0.0
758,759.0,0.7109634551495017,0.634453781512605,1.0,0.98,0.44666666666666666,150.0,87.0,63.0,0.0
759,760.0,0.7109634551495017,0.634453781512605,1.0,0.98,0.44666666666666666,150.0,87.0,63.0,0.0
760,761.0,0.7142857142857143,0.6371308016877637,1.0,0.98,0.44,150.0,86.0,64.0,0.0
761,762.0,0.717607973421927,0.6398305084745762,1.0,0.98,0.4266666666666667,150.0,85.0,65.0,0.0
762,763.0,0.7142857142857143,0.6371308016877637,1.0,0.98,0.44,150.0,86.0,64.0,0.0
763,764.0,0.7142857142857143,0.6371308016877637,1.0,0.98,0.4533333333333333,150.0,86.0,64.0,0.0
764,765.0,0.717607973421927,0.6398305084745762,1.0,0.98,0.4533333333333333,150.0,85.0,65.0,0.0
765,766.0,0.717607973421927,0.6398305084745762,1.0,0.98,0.4533333333333333,150.0,85.0,65.0,0.0
766,767.0,0.7142857142857143,0.6371308016877637,1.0,0.98,0.47333333333333333,150.0,86.0,64.0,0.0
767,768.0,0.7142857142857143,0.6371308016877637,1.0,0.98,0.4666666666666667,150.0,86.0,64.0,0.0
768,769.0,0.7142857142857143,0.6371308016877637,1.0,0.98,0.4666666666666667,150.0,86.0,64.0,0.0
769,770.0,0.7142857142857143,0.6371308016877637,1.0,0.98,0.4666666666666667,150.0,86.0,64.0,0.0
770,771.0,0.717607973421927,0.6398305084745762,1.0,0.98,0.4666666666666667,150.0,85.0,65.0,0.0
771,772.0,0.717607973421927,0.6398305084745762,1.0,0.98,0.4666666666666667,150.0,85.0,65.0,0.0
772,773.0,0.717607973421927,0.6398305084745762,1.0,0.98,0.4666666666666667,150.0,85.0,65.0,0.0
773,774.0,0.717607973421927,0.6398305084745762,1.0,0.98,0.4666666666666667,150.0,85.0,65.0,0.0
774,775.0,0.7142857142857143,0.6371308016877637,1.0,0.98,0.4666666666666667,150.0,86.0,64.0,0.0
775,776.0,0.7142857142857143,0.6371308016877637,1.0,0.98,0.4666666666666667,150.0,86.0,64.0,0.0
776,777.0,0.717607973421927,0.6398305084745762,1.0,0.98,0.4666666666666667,150.0,85.0,65.0,0.0
777,778.0,0.717607973421927,0.6398305084745762,1.0,0.98,0.44,150.0,85.0,65.0,0.0
778,779.0,0.717607973421927,0.6398305084745762,1.0,0.98,0.44,150.0,85.0,65.0,0.0
779,780.0,0.717607973421927,0.6398305084745762,1.0,0.98,0.43333333333333335,150.0,85.0,65.0,0.0
780,781.0,0.7142857142857143,0.6371308016877637,1.0,0.98,0.44666666666666666,150.0,86.0,64.0,0.0
781,782.0,0.7142857142857143,0.6371308016877637,1.0,0.98,0.44,150.0,86.0,64.0,0.0
782,783.0,0.717607973421927,0.6398305084745762,1.0,0.98,0.43333333333333335,150.0,85.0,65.0,0.0
783,784.0,0.717607973421927,0.6398305084745762,1.0,0.98,0.44666666666666666,150.0,85.0,65.0,0.0
784,785.0,0.717607973421927,0.6398305084745762,1.0,0.98,0.4533333333333333,150.0,85.0,65.0,0.0
785,786.0,0.717607973421927,0.6398305084745762,1.0,0.98,0.4533333333333333,150.0,85.0,65.0,0.0
786,787.0,0.717607973421927,0.6398305084745762,1.0,0.98,0.46,150.0,85.0,65.0,0.0
787,788.0,0.717607973421927,0.6398305084745762,1.0,0.98,0.44666666666666666,150.0,85.0,65.0,0.0
788,789.0,0.717607973421927,0.6398305084745762,1.0,0.98,0.4533333333333333,150.0,85.0,65.0,0.0
789,790.0,0.717607973421927,0.6398305084745762,1.0,0.98,0.4533333333333333,150.0,85.0,65.0,0.0
790,791.0,0.717607973421927,0.6398305084745762,1.0,0.98,0.44666666666666666,150.0,85.0,65.0,0.0
791,792.0,0.7109634551495017,0.634453781512605,1.0,0.98,0.44,150.0,87.0,63.0,0.0
792,793.0,0.7109634551495017,0.634453781512605,1.0,0.98,0.4266666666666667,150.0,87.0,63.0,0.0
793,794.0,0.717607973421927,0.6398305084745762,1.0,0.98,0.44666666666666666,150.0,85.0,65.0,0.0
794,795.0,0.7209302325581395,0.6425531914893617,1.0,0.98,0.46,150.0,84.0,66.0,0.0
795,796.0,0.7142857142857143,0.6371308016877637,1.0,0.98,0.43333333333333335,150.0,86.0,64.0,0.0
796,797.0,0.7142857142857143,0.6371308016877637,1.0,0.98,0.43333333333333335,150.0,86.0,64.0,0.0
797,798.0,0.717607973421927,0.6398305084745762,1.0,0.98,0.4533333333333333,150.0,85.0,65.0,0.0
798,799.0,0.7242524916943521,0.6452991452991453,1.0,0.98,0.46,150.0,83.0,67.0,0.0
799,800.0,0.7142857142857143,0.6371308016877637,1.0,0.98,0.4666666666666667,150.0,86.0,64.0,0.0
800,801.0,0.7142857142857143,0.6371308016877637,1.0,0.98,0.4666666666666667,150.0,86.0,64.0,0.0
801,802.0,0.717607973421927,0.6398305084745762,1.0,0.98,0.46,150.0,85.0,65.0,0.0
802,803.0,0.7209302325581395,0.6425531914893617,1.0,0.98,0.4533333333333333,150.0,84.0,66.0,0.0
803,804.0,0.7209302325581395,0.6425531914893617,1.0,0.98,0.4533333333333333,150.0,84.0,66.0,0.0
804,805.0,0.7209302325581395,0.6425531914893617,1.0,0.98,0.44666666666666666,150.0,84.0,66.0,0.0
805,806.0,0.7242524916943521,0.6452991452991453,1.0,0.98,0.44666666666666666,150.0,83.0,67.0,0.0
806,807.0,0.7242524916943521,0.6452991452991453,1.0,0.98,0.44666666666666666,150.0,83.0,67.0,0.0
807,808.0,0.7242524916943521,0.6452991452991453,1.0,0.98,0.44,150.0,83.0,67.0,0.0
808,809.0,0.7209302325581395,0.6425531914893617,1.0,0.98,0.44666666666666666,150.0,84.0,66.0,0.0
809,810.0,0.7209302325581395,0.6425531914893617,1.0,0.98,0.44666666666666666,150.0,84.0,66.0,0.0
810,811.0,0.7242524916943521,0.6452991452991453,1.0,0.98,0.4533333333333333,150.0,83.0,67.0,0.0
811,812.0,0.7242524916943521,0.6452991452991453,1.0,0.98,0.44666666666666666,150.0,83.0,67.0,0.0
812,813.0,0.7209302325581395,0.6425531914893617,1.0,0.98,0.46,150.0,84.0,66.0,0.0
813,814.0,0.7209302325581395,0.6425531914893617,1.0,0.98,0.46,150.0,84.0,66.0,0.0
814,815.0,0.7209302325581395,0.6425531914893617,1.0,0.98,0.4666666666666667,150.0,84.0,66.0,0.0
815,816.0,0.7242524916943521,0.6452991452991453,1.0,0.98,0.4666666666666667,150.0,83.0,67.0,0.0
816,817.0,0.7275747508305648,0.648068669527897,1.0,0.98,0.4666666666666667,150.0,82.0,68.0,0.0
817,818.0,0.7275747508305648,0.648068669527897,1.0,0.98,0.4666666666666667,150.0,82.0,68.0,0.0
818,819.0,0.7242524916943521,0.6452991452991453,1.0,0.98,0.4666666666666667,150.0,83.0,67.0,0.0
819,820.0,0.7209302325581395,0.6425531914893617,1.0,0.98,0.4666666666666667,150.0,84.0,66.0,0.0
820,821.0,0.717607973421927,0.6398305084745762,1.0,0.98,0.4666666666666667,150.0,85.0,65.0,0.0
821,822.0,0.717607973421927,0.6398305084745762,1.0,0.98,0.4666666666666667,150.0,85.0,65.0,0.0
822,823.0,0.717607973421927,0.6398305084745762,1.0,0.98,0.4666666666666667,150.0,85.0,65.0,0.0
823,824.0,0.717607973421927,0.6398305084745762,1.0,0.98,0.4666666666666667,150.0,85.0,65.0,0.0
824,825.0,0.717607973421927,0.6398305084745762,1.0,0.98,0.4666666666666667,150.0,85.0,65.0,0.0
825,826.0,0.717607973421927,0.6398305084745762,1.0,0.98,0.4666666666666667,150.0,85.0,65.0,0.0
826,827.0,0.717607973421927,0.6398305084745762,1.0,0.98,0.4666666666666667,150.0,85.0,65.0,0.0
827,828.0,0.717607973421927,0.6398305084745762,1.0,0.98,0.44,150.0,85.0,65.0,0.0
828,829.0,0.717607973421927,0.6398305084745762,1.0,0.98,0.44,150.0,85.0,65.0,0.0
829,830.0,0.7142857142857143,0.6371308016877637,1.0,0.98,0.44,150.0,86.0,64.0,0.0
830,831.0,0.7142857142857143,0.6371308016877637,1.0,0.98,0.43333333333333335,150.0,86.0,64.0,0.0
831,832.0,0.7142857142857143,0.6371308016877637,1.0,0.98,0.44,150.0,86.0,64.0,0.0
832,833.0,0.7142857142857143,0.6371308016877637,1.0,0.98,0.44666666666666666,150.0,86.0,64.0,0.0
833,834.0,0.7109634551495017,0.634453781512605,1.0,0.98,0.44,150.0,87.0,63.0,0.0
834,835.0,0.7142857142857143,0.6371308016877637,1.0,0.98,0.44666666666666666,150.0,86.0,64.0,0.0
835,836.0,0.717607973421927,0.6398305084745762,1.0,0.98,0.44,150.0,85.0,65.0,0.0
836,837.0,0.7209302325581395,0.6425531914893617,1.0,0.98,0.4533333333333333,150.0,84.0,66.0,0.0
837,838.0,0.7142857142857143,0.6371308016877637,1.0,0.98,0.4533333333333333,150.0,86.0,64.0,0.0
838,839.0,0.7142857142857143,0.6371308016877637,1.0,0.98,0.46,150.0,86.0,64.0,0.0
839,840.0,0.717607973421927,0.6398305084745762,1.0,0.98,0.4533333333333333,150.0,85.0,65.0,0.0
840,841.0,0.7209302325581395,0.6425531914893617,1.0,0.98,0.4533333333333333,150.0,84.0,66.0,0.0
841,842.0,0.7242524916943521,0.6452991452991453,1.0,0.98,0.4533333333333333,150.0,83.0,67.0,0.0
842,843.0,0.7209302325581395,0.6425531914893617,1.0,0.98,0.4533333333333333,150.0,84.0,66.0,0.0
843,844.0,0.717607973421927,0.6398305084745762,1.0,0.98,0.4533333333333333,150.0,85.0,65.0,0.0
844,845.0,0.717607973421927,0.6398305084745762,1.0,0.98,0.46,150.0,85.0,65.0,0.0
845,846.0,0.717607973421927,0.6398305084745762,1.0,0.98,0.4533333333333333,150.0,85.0,65.0,0.0
846,847.0,0.717607973421927,0.6398305084745762,1.0,0.98,0.4666666666666667,150.0,85.0,65.0,0.0
847,848.0,0.7209302325581395,0.6425531914893617,1.0,0.98,0.46,150.0,84.0,66.0,0.0
848,849.0,0.717607973421927,0.6398305084745762,1.0,0.98,0.4666666666666667,150.0,85.0,65.0,0.0
849,850.0,0.7209302325581395,0.6425531914893617,1.0,0.98,0.4666666666666667,150.0,84.0,66.0,0.0
850,851.0,0.717607973421927,0.6398305084745762,1.0,0.98,0.4666666666666667,150.0,85.0,65.0,0.0
851,852.0,0.7209302325581395,0.6425531914893617,1.0,0.98,0.4666666666666667,150.0,84.0,66.0,0.0
852,853.0,0.717607973421927,0.6398305084745762,1.0,0.98,0.4666666666666667,150.0,85.0,65.0,0.0
853,854.0,0.7209302325581395,0.6425531914893617,1.0,0.98,0.4666666666666667,150.0,84.0,66.0,0.0
854,855.0,0.7209302325581395,0.6425531914893617,1.0,0.98,0.46,150.0,84.0,66.0,0.0
855,856.0,0.717607973421927,0.6398305084745762,1.0,0.98,0.4533333333333333,150.0,85.0,65.0,0.0
856,857.0,0.7109634551495017,0.634453781512605,1.0,0.98,0.44666666666666666,150.0,87.0,63.0,0.0
857,858.0,0.7109634551495017,0.634453781512605,1.0,0.98,0.44666666666666666,150.0,87.0,63.0,0.0
858,859.0,0.717607973421927,0.6398305084745762,1.0,0.98,0.4533333333333333,150.0,85.0,65.0,0.0
859,860.0,0.717607973421927,0.6398305084745762,1.0,0.98,0.44666666666666666,150.0,85.0,65.0,0.0
860,861.0,0.7209302325581395,0.6425531914893617,1.0,0.98,0.4533333333333333,150.0,84.0,66.0,0.0
861,862.0,0.7142857142857143,0.6371308016877637,1.0,0.98,0.44666666666666666,150.0,86.0,64.0,0.0
862,863.0,0.7142857142857143,0.6371308016877637,1.0,0.98,0.44666666666666666,150.0,86.0,64.0,0.0
863,864.0,0.7109634551495017,0.634453781512605,1.0,0.98,0.4533333333333333,150.0,87.0,63.0,0.0
864,865.0,0.7109634551495017,0.634453781512605,1.0,0.98,0.4533333333333333,150.0,87.0,63.0,0.0
865,866.0,0.717607973421927,0.6398305084745762,1.0,0.98,0.4533333333333333,150.0,85.0,65.0,0.0
866,867.0,0.717607973421927,0.6398305084745762,1.0,0.98,0.46,150.0,85.0,65.0,0.0
867,868.0,0.7142857142857143,0.6371308016877637,1.0,0.98,0.46,150.0,86.0,64.0,0.0
868,869.0,0.7142857142857143,0.6371308016877637,1.0,0.98,0.44666666666666666,150.0,86.0,64.0,0.0
869,870.0,0.7142857142857143,0.6371308016877637,1.0,0.98,0.4533333333333333,150.0,86.0,64.0,0.0
870,871.0,0.7109634551495017,0.634453781512605,1.0,0.98,0.44,150.0,87.0,63.0,0.0
871,872.0,0.7142857142857143,0.6371308016877637,1.0,0.98,0.4533333333333333,150.0,86.0,64.0,0.0
872,873.0,0.7142857142857143,0.6371308016877637,1.0,0.98,0.4533333333333333,150.0,86.0,64.0,0.0
873,874.0,0.7142857142857143,0.6371308016877637,1.0,0.98,0.46,150.0,86.0,64.0,0.0
874,875.0,0.7142857142857143,0.6371308016877637,1.0,0.98,0.4533333333333333,150.0,86.0,64.0,0.0
875,876.0,0.7142857142857143,0.6371308016877637,1.0,0.98,0.4533333333333333,150.0,86.0,64.0,0.0
876,877.0,0.7109634551495017,0.634453781512605,1.0,0.98,0.4533333333333333,150.0,87.0,63.0,0.0
877,878.0,0.7142857142857143,0.6371308016877637,1.0,0.98,0.4533333333333333,150.0,86.0,64.0,0.0
878,879.0,0.7109634551495017,0.634453781512605,1.0,0.98,0.4533333333333333,150.0,87.0,63.0,0.0
879,880.0,0.7142857142857143,0.6371308016877637,1.0,0.98,0.46,150.0,86.0,64.0,0.0
880,881.0,0.7142857142857143,0.6371308016877637,1.0,0.98,0.4533333333333333,150.0,86.0,64.0,0.0
881,882.0,0.717607973421927,0.6398305084745762,1.0,0.98,0.46,150.0,85.0,65.0,0.0
882,883.0,0.717607973421927,0.6398305084745762,1.0,0.98,0.4666666666666667,150.0,85.0,65.0,0.0
883,884.0,0.7142857142857143,0.6371308016877637,1.0,0.98,0.4666666666666667,150.0,86.0,64.0,0.0
884,885.0,0.717607973421927,0.6398305084745762,1.0,0.98,0.4533333333333333,150.0,85.0,65.0,0.0
885,886.0,0.7142857142857143,0.6371308016877637,1.0,0.98,0.46,150.0,86.0,64.0,0.0
886,887.0,0.7142857142857143,0.6371308016877637,1.0,0.98,0.4533333333333333,150.0,86.0,64.0,0.0
887,888.0,0.7142857142857143,0.6371308016877637,1.0,0.98,0.46,150.0,86.0,64.0,0.0
888,889.0,0.7142857142857143,0.6371308016877637,1.0,0.98,0.4533333333333333,150.0,86.0,64.0,0.0
889,890.0,0.7142857142857143,0.6371308016877637,1.0,0.98,0.4533333333333333,150.0,86.0,64.0,0.0
890,891.0,0.7142857142857143,0.6371308016877637,1.0,0.98,0.44666666666666666,150.0,86.0,64.0,0.0
891,892.0,0.7142857142857143,0.6371308016877637,1.0,0.98,0.4533333333333333,150.0,86.0,64.0,0.0
892,893.0,0.7142857142857143,0.6371308016877637,1.0,0.98,0.44666666666666666,150.0,86.0,64.0,0.0
893,894.0,0.7142857142857143,0.6371308016877637,1.0,0.98,0.4533333333333333,150.0,86.0,64.0,0.0
894,895.0,0.7142857142857143,0.6371308016877637,1.0,0.98,0.44666666666666666,150.0,86.0,64.0,0.0
895,896.0,0.7142857142857143,0.6371308016877637,1.0,0.98,0.4533333333333333,150.0,86.0,64.0,0.0
896,897.0,0.7142857142857143,0.6371308016877637,1.0,0.98,0.44666666666666666,150.0,86.0,64.0,0.0
897,898.0,0.7142857142857143,0.6371308016877637,1.0,0.98,0.4533333333333333,150.0,86.0,64.0,0.0
898,899.0,0.7142857142857143,0.6371308016877637,1.0,0.98,0.44666666666666666,150.0,86.0,64.0,0.0
899,900.0,0.7142857142857143,0.6371308016877637,1.0,0.98,0.4533333333333333,150.0,86.0,64.0,0.0
900,901.0,0.7142857142857143,0.6371308016877637,1.0,0.98,0.44666666666666666,150.0,86.0,64.0,0.0
901,902.0,0.7142857142857143,0.6371308016877637,1.0,0.98,0.4533333333333333,150.0,86.0,64.0,0.0
902,903.0,0.7142857142857143,0.6371308016877637,1.0,0.98,0.44,150.0,86.0,64.0,0.0
903,904.0,0.7142857142857143,0.6371308016877637,1.0,0.98,0.4533333333333333,150.0,86.0,64.0,0.0
904,905.0,0.7142857142857143,0.6371308016877637,1.0,0.98,0.44,150.0,86.0,64.0,0.0
905,906.0,0.7142857142857143,0.6371308016877637,1.0,0.98,0.46,150.0,86.0,64.0,0.0
906,907.0,0.7142857142857143,0.6371308016877637,1.0,0.98,0.44666666666666666,150.0,86.0,64.0,0.0
907,908.0,0.7142857142857143,0.6371308016877637,1.0,0.98,0.44666666666666666,150.0,86.0,64.0,0.0
908,909.0,0.7109634551495017,0.634453781512605,1.0,0.98,0.4533333333333333,150.0,87.0,63.0,0.0
909,910.0,0.7142857142857143,0.6371308016877637,1.0,0.98,0.4533333333333333,150.0,86.0,64.0,0.0
910,911.0,0.717607973421927,0.6398305084745762,1.0,0.98,0.44,150.0,85.0,65.0,0.0
911,912.0,0.717607973421927,0.6398305084745762,1.0,0.98,0.44666666666666666,150.0,85.0,65.0,0.0
912,913.0,0.7142857142857143,0.6371308016877637,1.0,0.98,0.44,150.0,86.0,64.0,0.0
913,914.0,0.7142857142857143,0.6371308016877637,1.0,0.98,0.4533333333333333,150.0,86.0,64.0,0.0
914,915.0,0.717607973421927,0.6398305084745762,1.0,0.98,0.46,150.0,85.0,65.0,0.0
915,916.0,0.717607973421927,0.6398305084745762,1.0,0.98,0.46,150.0,85.0,65.0,0.0
916,917.0,0.7142857142857143,0.6371308016877637,1.0,0.98,0.4533333333333333,150.0,86.0,64.0,0.0
917,918.0,0.7142857142857143,0.6371308016877637,1.0,0.98,0.46,150.0,86.0,64.0,0.0
918,919.0,0.7109634551495017,0.634453781512605,1.0,0.98,0.44666666666666666,150.0,87.0,63.0,0.0
919,920.0,0.7109634551495017,0.634453781512605,1.0,0.98,0.4533333333333333,150.0,87.0,63.0,0.0
920,921.0,0.7142857142857143,0.6371308016877637,1.0,0.98,0.4533333333333333,150.0,86.0,64.0,0.0
921,922.0,0.7109634551495017,0.634453781512605,1.0,0.98,0.4533333333333333,150.0,87.0,63.0,0.0
922,923.0,0.7109634551495017,0.634453781512605,1.0,0.98,0.4533333333333333,150.0,87.0,63.0,0.0
923,924.0,0.7142857142857143,0.6371308016877637,1.0,0.98,0.46,150.0,86.0,64.0,0.0
924,925.0,0.7142857142857143,0.6371308016877637,1.0,0.98,0.4533333333333333,150.0,86.0,64.0,0.0
925,926.0,0.7109634551495017,0.634453781512605,1.0,0.98,0.4533333333333333,150.0,87.0,63.0,0.0
926,927.0,0.7109634551495017,0.634453781512605,1.0,0.98,0.4533333333333333,150.0,87.0,63.0,0.0
927,928.0,0.7142857142857143,0.6371308016877637,1.0,0.98,0.46,150.0,86.0,64.0,0.0
928,929.0,0.7142857142857143,0.6371308016877637,1.0,0.98,0.4533333333333333,150.0,86.0,64.0,0.0
929,930.0,0.7142857142857143,0.6371308016877637,1.0,0.98,0.46,150.0,86.0,64.0,0.0
930,931.0,0.717607973421927,0.6398305084745762,1.0,0.98,0.4533333333333333,150.0,85.0,65.0,0.0
931,932.0,0.717607973421927,0.6398305084745762,1.0,0.98,0.4533333333333333,150.0,85.0,65.0,0.0
932,933.0,0.717607973421927,0.6398305084745762,1.0,0.98,0.4533333333333333,150.0,85.0,65.0,0.0
933,934.0,0.7142857142857143,0.6371308016877637,1.0,0.98,0.4533333333333333,150.0,86.0,64.0,0.0
934,935.0,0.7142857142857143,0.6371308016877637,1.0,0.98,0.4533333333333333,150.0,86.0,64.0,0.0
935,936.0,0.7109634551495017,0.634453781512605,1.0,0.98,0.4533333333333333,150.0,87.0,63.0,0.0
936,937.0,0.7109634551495017,0.634453781512605,1.0,0.98,0.4533333333333333,150.0,87.0,63.0,0.0
937,938.0,0.7109634551495017,0.634453781512605,1.0,0.98,0.4533333333333333,150.0,87.0,63.0,0.0
938,939.0,0.7109634551495017,0.634453781512605,1.0,0.98,0.4533333333333333,150.0,87.0,63.0,0.0
939,940.0,0.7142857142857143,0.6371308016877637,1.0,0.98,0.4533333333333333,150.0,86.0,64.0,0.0
940,941.0,0.7142857142857143,0.6371308016877637,1.0,0.98,0.44666666666666666,150.0,86.0,64.0,0.0
941,942.0,0.7142857142857143,0.6371308016877637,1.0,0.98,0.4533333333333333,150.0,86.0,64.0,0.0
942,943.0,0.7142857142857143,0.6371308016877637,1.0,0.98,0.4533333333333333,150.0,86.0,64.0,0.0
943,944.0,0.7142857142857143,0.6371308016877637,1.0,0.98,0.4533333333333333,150.0,86.0,64.0,0.0
944,945.0,0.7142857142857143,0.6371308016877637,1.0,0.98,0.4533333333333333,150.0,86.0,64.0,0.0
945,946.0,0.7142857142857143,0.6371308016877637,1.0,0.98,0.4533333333333333,150.0,86.0,64.0,0.0
946,947.0,0.7142857142857143,0.6371308016877637,1.0,0.98,0.4533333333333333,150.0,86.0,64.0,0.0
947,948.0,0.7142857142857143,0.6371308016877637,1.0,0.98,0.4533333333333333,150.0,86.0,64.0,0.0
948,949.0,0.7109634551495017,0.634453781512605,1.0,0.98,0.4533333333333333,150.0,87.0,63.0,0.0
949,950.0,0.7109634551495017,0.634453781512605,1.0,0.98,0.44,150.0,87.0,63.0,0.0
950,951.0,0.717607973421927,0.6398305084745762,1.0,0.98,0.44,150.0,85.0,65.0,0.0
951,952.0,0.7209302325581395,0.6425531914893617,1.0,0.98,0.44666666666666666,150.0,84.0,66.0,0.0
952,953.0,0.7142857142857143,0.6371308016877637,1.0,0.98,0.46,150.0,86.0,64.0,0.0
953,954.0,0.7142857142857143,0.6371308016877637,1.0,0.98,0.4533333333333333,150.0,86.0,64.0,0.0
954,955.0,0.717607973421927,0.6398305084745762,1.0,0.98,0.46,150.0,85.0,65.0,0.0
955,956.0,0.717607973421927,0.6398305084745762,1.0,0.98,0.4666666666666667,150.0,85.0,65.0,0.0
956,957.0,0.7209302325581395,0.6425531914893617,1.0,0.98,0.46,150.0,84.0,66.0,0.0
957,958.0,0.7209302325581395,0.6425531914893617,1.0,0.98,0.44666666666666666,150.0,84.0,66.0,0.0
958,959.0,0.717607973421927,0.6398305084745762,1.0,0.98,0.44666666666666666,150.0,85.0,65.0,0.0
959,960.0,0.7109634551495017,0.634453781512605,1.0,0.98,0.43333333333333335,150.0,87.0,63.0,0.0
960,961.0,0.7109634551495017,0.634453781512605,1.0,0.98,0.44,150.0,87.0,63.0,0.0
961,962.0,0.717607973421927,0.6398305084745762,1.0,0.98,0.44666666666666666,150.0,85.0,65.0,0.0
962,963.0,0.717607973421927,0.6398305084745762,1.0,0.98,0.4533333333333333,150.0,85.0,65.0,0.0
963,964.0,0.717607973421927,0.6398305084745762,1.0,0.98,0.4666666666666667,150.0,85.0,65.0,0.0
964,965.0,0.7209302325581395,0.6425531914893617,1.0,0.98,0.44666666666666666,150.0,84.0,66.0,0.0
965,966.0,0.7242524916943521,0.6452991452991453,1.0,0.98,0.4533333333333333,150.0,83.0,67.0,0.0
966,967.0,0.7242524916943521,0.6452991452991453,1.0,0.98,0.46,150.0,83.0,67.0,0.0
967,968.0,0.7209302325581395,0.6425531914893617,1.0,0.98,0.4533333333333333,150.0,84.0,66.0,0.0
968,969.0,0.7242524916943521,0.6452991452991453,1.0,0.98,0.4533333333333333,150.0,83.0,67.0,0.0
969,970.0,0.7242524916943521,0.6452991452991453,1.0,0.98,0.4533333333333333,150.0,83.0,67.0,0.0
970,971.0,0.7209302325581395,0.6425531914893617,1.0,0.98,0.44666666666666666,150.0,84.0,66.0,0.0
971,972.0,0.7209302325581395,0.6425531914893617,1.0,0.98,0.44666666666666666,150.0,84.0,66.0,0.0
972,973.0,0.7109634551495017,0.634453781512605,1.0,0.98,0.43333333333333335,150.0,87.0,63.0,0.0
973,974.0,0.7109634551495017,0.634453781512605,1.0,0.98,0.4533333333333333,150.0,87.0,63.0,0.0
974,975.0,0.717607973421927,0.6398305084745762,1.0,0.98,0.46,150.0,85.0,65.0,0.0
975,976.0,0.7242524916943521,0.6452991452991453,1.0,0.98,0.4666666666666667,150.0,83.0,67.0,0.0
976,977.0,0.7109634551495017,0.634453781512605,1.0,0.98,0.4533333333333333,150.0,87.0,63.0,0.0
977,978.0,0.7142857142857143,0.6371308016877637,1.0,0.98,0.44,150.0,86.0,64.0,0.0
978,979.0,0.7209302325581395,0.6425531914893617,1.0,0.98,0.46,150.0,84.0,66.0,0.0
979,980.0,0.717607973421927,0.6398305084745762,1.0,0.98,0.44666666666666666,150.0,85.0,65.0,0.0
980,981.0,0.7209302325581395,0.6425531914893617,1.0,0.98,0.47333333333333333,150.0,84.0,66.0,0.0
981,982.0,0.7109634551495017,0.634453781512605,1.0,0.98,0.44666666666666666,150.0,87.0,63.0,0.0
982,983.0,0.717607973421927,0.6398305084745762,1.0,0.98,0.44,150.0,85.0,65.0,0.0
983,984.0,0.7242524916943521,0.6452991452991453,1.0,0.98,0.47333333333333333,150.0,83.0,67.0,0.0
984,985.0,0.7209302325581395,0.6425531914893617,1.0,0.98,0.47333333333333333,150.0,84.0,66.0,0.0
985,986.0,0.7209302325581395,0.6425531914893617,1.0,0.98,0.47333333333333333,150.0,84.0,66.0,0.0
986,987.0,0.7209302325581395,0.6425531914893617,1.0,0.98,0.4666666666666667,150.0,84.0,66.0,0.0
987,988.0,0.7209302325581395,0.6425531914893617,1.0,0.98,0.47333333333333333,150.0,84.0,66.0,0.0
988,989.0,0.7242524916943521,0.6452991452991453,1.0,0.98,0.4533333333333333,150.0,83.0,67.0,0.0
989,990.0,0.7242524916943521,0.6452991452991453,1.0,0.98,0.4533333333333333,150.0,83.0,67.0,0.0
990,991.0,0.7242524916943521,0.6452991452991453,1.0,0.98,0.4533333333333333,150.0,83.0,67.0,0.0
991,992.0,0.7242524916943521,0.6452991452991453,1.0,0.98,0.46,150.0,83.0,67.0,0.0
992,993.0,0.7209302325581395,0.6425531914893617,1.0,0.98,0.46,150.0,84.0,66.0,0.0
993,994.0,0.7242524916943521,0.6452991452991453,1.0,0.98,0.4533333333333333,150.0,83.0,67.0,0.0
994,995.0,0.7242524916943521,0.6452991452991453,1.0,0.98,0.4533333333333333,150.0,83.0,67.0,0.0
995,996.0,0.7242524916943521,0.6452991452991453,1.0,0.98,0.4533333333333333,150.0,83.0,67.0,0.0
996,997.0,0.7209302325581395,0.6425531914893617,1.0,0.98,0.47333333333333333,150.0,84.0,66.0,0.0
997,998.0,0.7209302325581395,0.6425531914893617,1.0,0.98,0.4666666666666667,150.0,84.0,66.0,0.0
998,999.0,0.7209302325581395,0.6425531914893617,1.0,0.98,0.47333333333333333,150.0,84.0,66.0,0.0
999,1000.0,0.7209302325581395,0.6425531914893617,1.0,0.98,0.4666666666666667,150.0,84.0,66.0,0.0
